#,"Country,Other",TotalCases,NewCases,TotalDeaths,NewDeaths,TotalRecovered,NewRecovered,ActiveCases,"Serious,Critical",Tot Cases/1M pop,Deaths/1M pop,TotalTests,Tests/,1M pop,,Population,Continent,1 Caseevery X ppl1 Deathevery X ppl1 Testevery X ppl,New Cases/1M pop,New Deaths/1M pop,Active Cases/1M pop
1,USA,"91,429,409",,"1,049,274 ",,"86,752,569",,"3,627,566","4,148",,,"1,060,886,881",, ,North America,,,,
2,India,"43,779,265",,"525,760 ",,"43,098,090",,"155,415",698,"31,100",373,"869,687,102","617,816","1,407,680,653 ",Asia,"322,6772",,,110
3,Brazil,"33,339,815",,"675,551 ",,"31,640,771",,"1,023,493","8,318","154,608","3,133","63,776,166","295,751","215,641,433 ",South America,63193,,,"4,746"
4,France,"33,034,311",,"150,835 ",,"30,674,954",,"2,208,522",869,"503,817","2,300","271,490,188","4,140,585","65,568,079 ",Europe,24350,,,"33,683"
5,Germany,"29,853,680",,"142,635 ",,"27,906,500","+119,800","1,804,545","1,269","354,009","1,691","122,332,384","1,450,633","84,330,334 ",Europe,35911,,,"21,399"
6,UK,"23,075,360",,"181,580 ",,"22,396,761","+20,887","497,019",146,"336,310","2,646","522,526,476","7,615,520","68,613,369 ",Europe,33780,,,"7,244"
7,Italy,"20,177,910",,"170,037 ",,"18,553,478",,"1,454,395",417,"334,733","2,821","232,999,370","3,865,250","60,280,538 ",Europe,33550,,,"24,127"
8,S. Korea,"18,861,593","+73,537","24,765 ",+12,"18,344,104","+9,505","492,724",91,"367,249",482,"15,804,065","307,717","51,359,166 ",Asia,"32,0743","1,432",0.2,"9,594"
9,Russia,"18,494,844",,"381,916 ",,"17,911,340",,"201,588","2,300","126,623","2,615","273,400,000","1,871,807","146,062,072 ",Europe,83821,,,"1,380"
10,Turkey,"15,297,539",,"99,088 ",,"15,096,774",,"101,677",975,"177,486","1,150","162,743,369","1,888,186","86,190,334 ",Asia,68701,,,"1,180"
11,Spain,"13,090,476",,"109,348 ",,"12,396,745",,"584,383",339,"279,761","2,337","471,036,328","10,066,662","46,791,709 ",Europe,44280,,,"12,489"
12,Vietnam,"10,761,435",,"43,091 ",,"9,818,357",,"899,987",29,"108,564",435,"85,826,548","865,841","99,125,103 ",Asia,"92,3001",,,"9,079"
13,Japan,"10,308,445",,"31,594 ",,"9,547,252",,"729,599",129,"82,017",251,"59,060,542","469,902","125,687,029 ",Asia,"123,9782",,,"5,805"
14,Argentina,"9,465,827",,"129,202 ",,"9,237,970","+3,615","98,655",393,"205,592","2,806","35,716,069","775,732","46,041,756 ",South America,53561,,,"2,143"
15,Australia,"8,849,079","+36,397","10,770 ",+51,"8,425,795",,"412,514",150,"339,001",413,"75,244,302","2,882,545","26,103,426 ",Australia/Oceania,"32,4240","1,394",2,"15,803"
16,Netherlands,"8,287,266",,"22,432 ",,"8,103,656",,"161,178",54,"481,476","1,303","21,107,399","1,226,305","17,212,194 ",Europe,27671,,,"9,364"
17,Iran,"7,284,165",,"141,513 ",,"7,068,990",,"73,662",579,"84,517","1,642","52,690,831","611,362","86,186,017 ",Asia,126092,,,855
18,Mexico,"6,454,263","+5,786","326,523 ",+19,"5,539,170","+32,093","588,570","4,798","49,009","2,479","17,206,325","130,652","131,696,032 ",North America,204038,44,0.1,"4,469"
19,Colombia,"6,223,497",,"140,365 ",,"6,031,815",,"51,317",342,"119,707","2,700","35,781,769","688,254","51,989,211 ",South America,83701,,,987
20,Indonesia,"6,138,346",,"156,859 ",,"5,952,981",,"28,506","2,771","21,968",561,"102,193,503","365,730","279,423,671 ",Asia,"461,7813",,,102
21,Poland,"6,032,794",,"116,470 ",,"5,335,772",,"580,552",408,"159,758","3,084","36,557,292","968,095","37,762,086 ",Europe,63241,,,"15,374"
22,Portugal,"5,294,315",,"24,474 ",,"5,036,747",,"233,094",61,"522,323","2,415","43,527,258","4,294,285","10,136,089 ",Europe,24140,,,"22,996"
23,Ukraine,"5,020,181",,"108,690 ",,"4,908,348",+150,"3,143",177,"116,213","2,516","19,521,252","451,900","43,198,137 ",Europe,93972,,,73
24,DPRK,"4,771,860",+260,74 ,,"4,771,200",+380,586,,"183,468",3,,,"26,009,240 ",Asia,"5351,476",10,,23
25,Malaysia,"4,626,061",,"35,862 ",,"4,548,014",,"42,185",57,"139,289","1,080","61,815,535","1,861,245","33,211,928 ",Asia,79261,,,"1,270"
26,Austria,"4,618,283",,"18,934 ",,"4,477,310",,"122,039",76,"506,879","2,078","192,298,733","21,105,718","9,111,215 ",Europe,24810,,,"13,394"
27,Thailand,"4,562,968","+2,125","31,034 ",+18,"4,509,596","+2,501","22,338","1,496","65,039",442,"17,270,775","246,173","70,157,184 ",Asia,"152,2614",30,0.3,318
28,Israel,"4,518,516",,"11,181 ",,"4,443,356",,"63,979",310,"484,507","1,199","41,373,364","4,436,346","9,326,000 ",Asia,28340,,,"6,860"
29,Belgium,"4,349,050",,"32,051 ",,"4,160,639","+2,375","156,360",74,"371,952","2,741","34,784,155","2,974,912","11,692,498 ",Europe,33650,,,"13,373"
30,Taiwan,"4,282,777",,"8,224 ",,"3,677,935",,"596,618",,"179,161",344,"22,048,589","922,354","23,904,688 ",Asia,"62,9071",,,"24,958"
31,Chile,"4,141,778",,"59,126 ",,"3,823,299",,"259,353",192,"212,935","3,040","41,414,656","2,129,187","19,450,921 ",South America,53290,,,"13,334"
32,Canada,"4,012,359",,"43,583 ",,"3,695,850",,"272,926",195,"104,442","1,134","62,586,673","1,629,133","38,417,170 ",North America,108811,,,"7,104"
33,South Africa,"4,000,631",,"101,922 ",,"3,892,034",,"6,675",192,"65,763","1,675","25,887,017","425,535","60,834,082 ",Africa,155972,,,110
34,Czechia,"3,952,650",,"40,355 ",,"3,900,603",,"11,692",14,"367,706","3,754","55,630,212","5,175,145","10,749,499 ",Europe,32660,,,"1,088"
35,Switzerland,"3,843,522",,"14,021 ",,"3,686,765","+3,912","142,736",54,"437,573","1,596","21,598,881","2,458,967","8,783,723 ",Europe,26260,,,"16,250"
36,Greece,"3,843,142",,"30,476 ",,"3,614,441",,"198,225",103,"372,424","2,953","86,634,526","8,395,422","10,319,258 ",Europe,33390,,,"19,209"
37,Peru,"3,761,445",,"213,840 ",,"3,430,359",,"117,246",182,"110,928","6,306","32,342,335","953,804","33,908,802 ",South America,91591,,,"3,458"
38,Philippines,"3,735,383",,"60,641 ",,"3,654,218",,"20,524",522,"33,187",539,"31,170,885","276,936","112,556,318 ",Asia,"301,8564",,,182
39,Denmark,"3,044,171",,"6,563 ",,"3,012,701",,"24,907",14,"521,816","1,125","127,854,498","21,916,149","5,833,803 ",Europe,28890,,,"4,269"
40,Romania,"2,967,222",,"65,815 ",,"2,853,646",,"47,761",115,"156,366","3,468","23,749,514","1,251,550","18,976,085 ",Europe,62881,,,"2,517"
41,Sweden,"2,528,166",,"19,170 ",,"2,494,666",+217,"14,330",16,"247,188","1,874","18,709,369","1,829,282","10,227,713 ",Europe,45341,,,"1,401"
42,Iraq,"2,409,641",,"25,273 ",,"2,350,301",,"34,067",25,"57,286",601,"18,949,265","450,490","42,063,663 ",Asia,"171,6642",,,810
43,Serbia,"2,059,982",,"16,173 ",,"2,013,234",,"30,575",13,"237,719","1,866","10,053,386","1,160,147","8,665,617 ",Europe,45361,,,"3,528"
44,Bangladesh,"1,997,412",,"29,241 ",,"1,926,957",,"41,214","1,228","11,887",174,"14,510,877","86,356","168,036,329 ",Asia,"845,74712",,,245
45,Hungary,"1,940,824",,"46,696 ",,"1,878,221",,"15,907",16,"201,952","4,859","11,394,556","1,185,656","9,610,335 ",Europe,52061,,,"1,655"
46,Slovakia,"1,806,246",,"20,172 ",,"1,777,292",,"8,782",26,"330,510","3,691","7,201,031","1,317,655","5,465,035 ",Europe,32711,,,"1,607"
47,Jordan,"1,700,526",,"14,068 ",,"1,685,354",,"1,104",124,"163,359","1,351","16,894,012","1,622,902","10,409,754 ",Asia,67401,,,106
48,Georgia,"1,667,453",,"16,847 ",,"1,637,293",,"13,313",,"419,638","4,240","16,920,079","4,258,174","3,973,553 ",Asia,22360,,,"3,350"
49,Ireland,"1,628,745",,"7,537 ",,"1,573,775","+1,471","47,433",39,"322,505","1,492","12,480,436","2,471,227","5,050,300 ",Europe,36700,,,"9,392"
50,Singapore,"1,602,273",,"1,457 ",,"1,505,241",,"95,575",16,"269,553",245,"24,107,231","4,055,592","5,944,195 ",Asia,"44,0800",,,"16,079"
51,Pakistan,"1,546,744",,"30,445 ",,"1,505,635",,"10,664",169,"6,735",133,"29,297,676","127,580","229,641,780 ",Asia,"1487,5438",,,46
52,New Zealand,"1,519,490","+10,762","1,803 ",+19,"1,448,721","+11,817","68,966",,"303,770",360,"7,342,253","1,467,834","5,002,100 ",Australia/Oceania,"32,7741","2,151",4,"13,787"
53,Norway,"1,453,071",,"3,504 ",,"1,444,612",,"4,955",20,"263,825",636,"11,002,430","1,997,641","5,507,710 ",Europe,"41,5721",,,900
54,Kazakhstan,"1,318,044",,"13,664 ",,"1,295,042",,"9,338",24,"68,524",710,"11,575,012","601,772","19,234,864 ",Asia,"151,4082",,,485
55,Hong Kong,"1,297,772",,"9,440 ",,"1,209,735",,"78,597",4,"170,288","1,239","50,415,048","6,615,238","7,621,048 ",Asia,68070,,,"10,313"
56,Morocco,"1,251,766",,"16,189 ",,"1,222,236",,"13,341",293,"33,113",428,"12,118,431","320,568","37,803,013 ",Africa,"302,3353",,,353
57,Bulgaria,"1,187,138",,"37,301 ",,"1,136,975",,"12,862",32,"173,512","5,452","10,186,273","1,488,824","6,841,824 ",Europe,61831,,,"1,880"
58,Finland,"1,171,034",,"5,012 ",,"1,128,585","+8,255","37,437",21,"210,683",902,"11,129,795","2,002,383","5,558,274 ",Europe,"51,1090",,,"6,735"
59,Croatia,"1,168,191",,"16,158 ",,"1,143,556",,"8,477",20,"288,182","3,986","4,998,397","1,233,058","4,053,658 ",Europe,32511,,,"2,091"
60,Lebanon,"1,142,644",,"10,491 ",,"1,087,587",,"44,566",186,"168,952","1,551","4,795,578","709,077","6,763,129 ",Asia,66451,,,"6,590"
61,Cuba,"1,106,879",,"8,529 ",,"1,097,965",,385,23,"97,846",754,"13,997,964","1,237,387","11,312,518 ",North America,"101,3261",,,34
62,Tunisia,"1,087,030",,"28,823 ",,N/A,N/A,N/A,29,"90,054","2,388","4,743,992","393,011","12,070,885 ",Africa,114193,,,"2,606"
63,Lithuania,"1,074,646",,"9,190 ",,"1,038,300",,"27,156",6,"406,310","3,475","10,029,476","3,792,014","2,644,894 ",Europe,22880,,,"10,267"
64,Slovenia,"1,060,741",,"6,667 ",,"1,034,542",,"19,532",16,"510,089","3,206","2,694,049","1,295,514","2,079,521 ",Europe,23121,,,"9,393"
65,Belarus,"994,037",,"7,118 ",,"985,592",,"1,327",,"105,267",754,"13,646,641","1,445,162","9,442,985 ",Europe,"91,3271",,,141
66,Guatemala,"985,245",,"18,839 ",,"893,334",,"73,072",5,"52,994","1,013","5,152,424","277,137","18,591,610 ",North America,199874,,,"3,930"
67,Nepal,"981,794",,"11,954 ",,"968,064",,"1,776",,"32,503",396,"5,787,357","191,597","30,205,838 ",Asia,"312,5275",,,59
68,UAE,"974,802",,"2,325 ",,"955,076",,"17,401",,"96,190",229,"174,326,021","17,201,809","10,134,168 ",Asia,"104,3590",,,"1,717"
69,Bolivia,"969,652",,"21,982 ",,"905,056",,"42,614",220,"80,819","1,832","2,705,422","225,492","11,997,838 ",South America,125464,,,"3,552"
70,Uruguay,"965,370",,"7,373 ",,"955,371",,"2,626",18,"275,955","2,108","6,114,822","1,747,949","3,498,283 ",South America,44741,,,751
71,Panama,"942,083",,"8,395 ",,"922,313",,"11,375",16,"211,546","1,885","6,695,106","1,503,395","4,453,324 ",North America,55301,,,"2,554"
72,Ecuador,"935,211",,"35,774 ",,"877,680",,"21,757",759,"51,415","1,967","2,470,170","135,801","18,189,569 ",South America,195087,,,"1,196"
73,Mongolia,"930,677",,"2,179 ",,N/A,N/A,N/A,192,"274,862",644,"4,030,048","1,190,215","3,385,984 ",Asia,"41,5541",,,"181,703"
74,Costa Rica,"904,934",,"8,525 ",,"860,711",,"35,698",52,"174,394","1,643","4,659,757","898,006","5,189,006 ",North America,66091,,,"6,880"
75,Latvia,"846,530",,"5,875 ",,"831,322",,"9,333",1,"459,148","3,187","7,368,092","3,996,364","1,843,699 ",Europe,23140,,,"5,062"
76,Saudi Arabia,"804,570",,"9,233 ",,"788,371",,"6,966",145,"22,399",257,"43,704,864","1,216,732","35,919,876 ",Asia,"453,8901",,,194
77,Azerbaijan,"794,656",,"9,723 ",,"784,032",,901,,"76,960",942,"7,004,415","678,354","10,325,597 ",Asia,"131,0621",,,87
78,Paraguay,"688,820",,"19,083 ",,"647,415",,"22,322",6,"94,214","2,610","2,646,163","361,930","7,311,262 ",South America,113833,,,"3,053"
79,Sri Lanka,"664,510",,"16,528 ",,"647,457",,525,,"30,770",765,"6,486,117","300,334","21,596,370 ",Asia,"321,3073",,,24
80,Bahrain,"650,625",,"1,506 ",,"637,954",,"11,165",14,"357,050",826,"10,121,898","5,554,698","1,822,223 ",Asia,"31,2100",,,"6,127"
81,Kuwait,"648,216",,"2,556 ",,"641,752",,"3,908",6,"147,342",581,"8,242,720","1,873,598","4,399,408 ",Asia,"71,7211",,,888
82,Dominican Republic,"622,432",,"4,383 ",,"613,029",,"5,020",27,"56,228",396,"3,558,356","321,447","11,069,815 ",North America,"182,5263",,,453
83,Myanmar,"613,838",,"19,434 ",,"592,744",,"1,660",,"11,130",352,"8,463,296","153,449","55,153,806 ",Asia,"902,8387",,,30
84,Palestine,"592,699",,"5,360 ",,"582,977",,"4,362",17,"110,923","1,003","3,078,533","576,146","5,343,319 ",Asia,99972,,,816
85,Estonia,"585,143",,"2,608 ",,"523,576",,"58,959",6,"440,502","1,963","3,424,969","2,578,356","1,328,354 ",Europe,25090,,,"44,385"
86,Cyprus,"545,896",,"1,086 ",,"124,370",,"420,440",60,"445,525",886,"9,477,138","7,734,627","1,225,287 ",Asia,"21,1280",,,"343,136"
87,Venezuela,"530,402",,"5,748 ",,"521,043",,"3,611",36,"18,761",203,"3,359,014","118,812","28,271,662 ",South America,"534,9198",,,128
88,Moldova,"520,321",,"11,567 ",,"504,142",,"4,612",49,"129,599","2,881","3,216,305","801,103","4,014,846 ",Europe,83471,,,"1,149"
89,Egypt,"515,645",,"24,613 ",,"442,182",,"48,850",122,"4,852",232,"3,693,367","34,754","106,271,685 ",Africa,"2064,31829",,,460
90,Libya,"502,642",,"6,431 ",,"490,973",,"5,238",101,"71,177",911,"2,477,219","350,787","7,061,898 ",Africa,"141,0983",,,742
91,Ethiopia,"491,086",,"7,561 ",,"468,107",,"15,418",40,"4,066",63,"5,104,319","42,264","120,772,370 ",Africa,"24615,97324",,,128
92,Honduras,"432,139",,"10,919 ",,"132,498",,"288,722",105,"42,259","1,068","1,420,311","138,893","10,225,957 ",North America,249377,,,"28,234"
93,Réunion,"429,237",,825 ,,"418,572",,"9,840",10,"472,548",908,"1,603,660","1,765,475","908,345 ",Africa,"21,1011",,,"10,833"
94,Armenia,"424,400",,"8,629 ",,"412,661",,"3,110",,"142,678","2,901","3,109,931","1,045,517","2,974,538 ",Asia,73451,,,"1,046"
95,Qatar,"396,344",,680 ,,"388,069",,"7,595",6,"141,158",242,"3,705,011","1,319,540","2,807,805 ",Asia,"74,1291",,,"2,705"
96,Oman,"391,641",,"4,260 ",,"384,669",,"2,712",2,"72,910",793,"25,000,000","4,654,151","5,371,549 ",Asia,"141,2610",,,505
97,Bosnia and Herzegovina,"381,150",,"15,819 ",,N/A,N/A,N/A,,"117,667","4,884","1,802,616","556,497","3,239,218 ",Europe,82052,,,"53,443"
98,Kenya,"336,798",,"5,668 ",,"329,901",,"1,229",2,"5,994",101,"3,797,731","67,590","56,187,389 ",Africa,"1679,91315",,,22
99,Zambia,"327,994",,"4,009 ",,"322,419",,"1,566",4,"16,877",206,"3,589,883","184,720","19,434,171 ",Africa,"594,8485",,,81
100,Botswana,"324,841",,"2,760 ",,"321,024",,"1,057",1,"132,670","1,127","2,026,898","827,817","2,448,485 ",Africa,88871,,,432
101,North Macedonia,"319,037",,"9,339 ",,"306,979",,"2,719",,"153,148","4,483","2,082,678","999,749","2,083,200 ",Europe,72231,,,"1,305"
102,Albania,"296,732",,"3,518 ",,"284,013",,"9,201",,"103,341","1,225","1,866,752","650,122","2,871,389 ",Europe,108162,,,"3,204"
103,Luxembourg,"274,524",,"1,102 ",,"259,768",,"13,654",,"424,465","1,704","4,349,750","6,725,520","646,753 ",Europe,25870,,,"21,112"
104,Algeria,"266,487",,"6,875 ",,"178,804",,"80,808",6,"5,861",151,"230,861","5,078","45,466,328 ",Africa,"1716,613197",,,"1,777"
105,Nigeria,"259,007",,"3,144 ",,"250,485",,"5,378",11,"1,196",15,"5,349,305","24,701","216,561,537 ",Africa,"83668,88140",,,25
106,Zimbabwe,"256,083",,"5,566 ",,"249,862",,655,12,"16,733",364,"2,424,666","158,430","15,304,290 ",Africa,"602,7506",,,43
107,Montenegro,"247,609",,"2,732 ",,"240,795",,"4,082",6,"394,139","4,349","2,519,568","4,010,595","628,228 ",Europe,32300,,,"6,498"
108,Uzbekistan,"242,305",,"1,637 ",,"239,196",,"1,472",23,"7,032",48,"1,377,915","39,987","34,458,694 ",Asia,"14221,05025",,,43
109,Mozambique,"229,077",,"2,215 ",,"226,438",,424,11,"6,933",67,"1,360,359","41,171","33,041,643 ",Africa,"14414,91724",,,13
110,Laos,"210,546",,757 ,,N/A,N/A,N/A,,"28,107",101,"1,233,207","164,627","7,490,927 ",Asia,"369,8966",,,"26,983"
111,Martinique,"207,969",,987 ,,104,,"206,878",8,"555,070","2,634","828,928","2,212,410","374,672 ",North America,23800,,,"552,158"
112,Kyrgyzstan,"201,329",,"2,991 ",,"196,406",,"1,932",131,"29,854",444,"1,907,195","282,808","6,743,771 ",Asia,"332,2554",,,286
113,Iceland,"199,611",,179 ,,N/A,N/A,N/A,1,"577,311",518,"1,979,580","5,725,301","345,760 ",Europe,"21,9320",,,"357,899"
114,Maldives,"183,908",,307 ,,"163,687",,"19,914",25,"328,428",548,"2,213,831","3,953,517","559,965 ",Asia,"31,8240",,,"35,563"
115,Afghanistan,"183,687",,"7,733 ",,"165,726",,"10,228","1,124","4,511",190,"1,015,340","24,937","40,716,715 ",Asia,"2225,26540",,,251
116,Brunei ,"182,950",,225 ,,"164,116",,"18,609",3,"410,180",504,"717,784","1,609,295","446,024 ",Asia,"21,9821",,,"41,722"
117,El Salvador,"180,970",,"4,177 ",,"165,895",,"10,898",8,"27,617",637,"2,368,512","361,442","6,552,958 ",North America,"361,5693",,,"1,663"
118,Guadeloupe,"175,348",,958 ,,"2,250",,"172,140",19,"438,081","2,393","938,039","2,343,551","400,264 ",North America,24180,,,"430,066"
119,Namibia,"169,253",,"4,065 ",,"164,813",,375,,"64,238","1,543","1,062,663","403,322","2,634,773 ",Africa,166482,,,142
120,Trinidad and Tobago,"169,227",,"4,039 ",,"159,174",,"6,014",18,"120,127","2,867","783,472","556,154","1,408,731 ",North America,83492,,,"4,269"
121,Uganda,"168,776",,"3,627 ",,"100,420",,"64,729",5,"3,467",74,"2,982,670","61,261","48,687,606 ",Africa,"28813,42416",,,"1,329"
122,Ghana,"167,215",,"1,456 ",,"165,153",,606,2,"5,162",45,"2,479,277","76,530","32,396,041 ",Africa,"19422,25013",,,19
123,Jamaica,"144,881",,"3,171 ",,"92,449",,"49,261",,"48,495","1,061","1,140,821","381,861","2,987,528 ",North America,219423,,,"16,489"
124,Cambodia,"136,477",,"3,056 ",,"133,302",,119,,"7,939",178,"3,005,631","174,838","17,190,970 ",Asia,"1265,6256",,,7
125,Rwanda,"131,906",,"1,464 ",,"45,522",,"84,920",,"9,694",108,"5,620,449","413,051","13,607,149 ",Africa,"1039,2952",,,"6,241"
126,Cameroon,"120,068",,"1,931 ",,"117,791",,346,13,"4,304",69,"1,751,774","62,802","27,893,764 ",Africa,"23214,44516",,,12
127,Malta,"111,149",,773 ,,"103,974",,"6,402",4,"250,369","1,741","2,001,696","4,508,923","443,941 ",Europe,45740,,,"14,421"
128,Angola,"102,209",,"1,912 ",,"97,149",,"3,148",,"2,924",55,"1,499,795","42,911","34,951,697 ",Africa,"34218,28023",,,90
129,DRC,"91,737",,"1,376 ",,"50,930",,"39,431",,964,14,"846,704","8,902","95,115,482 ",Africa,"1,03769,125112",,,415
130,French Guiana,"89,779",,402 ,,"11,254",,"78,123",1,"285,489","1,278","644,972","2,050,955","314,474 ",South America,47820,,,"248,424"
131,Barbados,"87,754",,479 ,,"85,350",,"1,925",,"304,603","1,663","716,572","2,487,294","288,093 ",North America,36010,,,"6,682"
132,Malawi,"86,968",,"2,655 ",,"83,551",,762,67,"4,319",132,"597,746","29,682","20,138,291 ",Africa,"2327,58534",,,38
133,Senegal,"86,791",,"1,968 ",,"84,603",,220,,"4,919",112,"1,125,833","63,808","17,643,980 ",Africa,"2038,96516",,,12
134,Channel Islands,"85,848",,181 ,,"82,813",,"2,854",,"484,656","1,022","1,252,808","7,072,737","177,132 ",Europe,29790,,,"16,112"
135,Ivory Coast,"84,616",,808 ,,"83,565",,243,,"3,054",29,"1,567,145","56,554","27,710,703 ",Africa,"32734,29518",,,9
136,Suriname,"80,919",,"1,377 ",,"49,590",,"29,952",,"135,462","2,305","238,251","398,844","597,354 ",South America,74343,,,"50,141"
137,French Polynesia,"74,113",,649 ,,N/A,N/A,N/A,7,"260,759","2,283",,,"284,220 ",Australia/Oceania,4438,,,"140,609"
138,Eswatini,"73,243",,"1,417 ",,"71,788",,38,11,"61,826","1,196","1,039,299","877,291","1,184,668 ",Africa,168361,,,32
139,Guyana,"68,972",,"1,267 ",,"66,686",,"1,019",,"86,834","1,595","670,394","844,013","794,293 ",South America,126271,,,"1,283"
140,Fiji,"66,975",,870 ,,"64,368",,"1,737",,"73,624",956,"592,054","650,827","909,695 ",Australia/Oceania,"141,0462",,,"1,909"
141,New Caledonia,"66,596",,314 ,,"64,483",,"1,799",9,"228,776","1,079","98,964","339,969","291,097 ",Australia/Oceania,49273,,,"6,180"
142,Madagascar,"66,289",,"1,406 ",,"64,277",,606,6,"2,275",48,"484,927","16,639","29,143,130 ",Africa,"44020,72860",,,21
143,Belize,"66,179",,680 ,,"64,810",,689,6,"160,491","1,649","576,016","1,396,900","412,353 ",North America,66061,,,"1,671"
144,Sudan,"62,872",,"4,955 ",,N/A,N/A,N/A,,"1,369",108,"562,941","12,254","45,937,684 ",Africa,"7319,27182",,,383
145,Mauritania,"61,970",,989 ,,"59,504",,"1,477",,"12,650",202,"894,186","182,526","4,898,960 ",Africa,"794,9535",,,301
146,Cabo Verde,"61,922",,409 ,,"61,174",,339,23,"108,959",720,"401,416","706,339","568,305 ",Africa,"91,3891",,,597
147,Bhutan,"60,109",,21 ,,"59,959",,129,,"76,190",27,"2,303,734","2,920,037","788,940 ",Asia,"1337,5690",,,164
148,Syria,"56,005",,"3,150 ",,"52,790",,65,,"3,049",171,"146,269","7,963","18,367,863 ",Asia,"3285,831126",,,4
149,Gabon,"48,289",,306 ,,"47,477",,506,,"20,699",131,"1,604,748","687,888","2,332,863 ",Africa,"487,6241",,,217
150,Seychelles,"45,185",,167 ,,"44,755",,263,,"453,715","1,677",,,"99,589 ",Africa,2596,,,"2,641"
151,Curaçao,"44,932",,282 ,,"44,434",,216,3,"271,555","1,704","496,693","3,001,855","165,462 ",North America,45870,,,"1,305"
152,Papua New Guinea,"44,761",,662 ,,"43,982",,117,7,"4,817",71,"249,149","26,811","9,292,750 ",Australia/Oceania,"20814,03737",,,13
153,Andorra,"44,671",,153 ,,"43,802",,716,14,"576,274","1,974","249,838","3,223,009","77,517 ",Europe,25070,,,"9,237"
154,Burundi,"43,222",,38 ,,N/A,N/A,N/A,,"3,427",3,"345,742","27,411","12,613,166 ",Africa,"292331,92536",,,"3,362"
155,Aruba,"41,787",,224 ,,"41,315",,248,1,"388,027","2,080","177,885","1,651,809","107,691 ",North America,34811,,,"2,303"
156,Mauritius,"39,012",,"1,008 ",,"37,157",,847,,"30,572",790,"358,675","281,077","1,276,072 ",Africa,"331,2664",,,664
157,Mayotte,"37,958",,187 ,,N/A,N/A,N/A,,"132,608",653,"176,919","618,075","286,242 ",Africa,"81,5312",,,"121,600"
158,Togo,"37,821",,275 ,,"37,298",,248,,"4,360",32,"762,628","87,916","8,674,517 ",Africa,"22931,54411",,,29
159,Tanzania,"37,510",,841 ,,N/A,N/A,N/A,7,593,13,,,"63,204,830 ",Africa,"1,68575,154",,,577
160,Guinea,"37,358",,443 ,,"36,419",,496,8,"2,695",32,"660,107","47,629","13,859,424 ",Africa,"37131,28521",,,36
161,Isle of Man,"37,239",,110 ,,"26,794",,"10,335",,"433,258","1,280","150,753","1,753,941","85,951 ",Europe,27811,,,"120,243"
162,Bahamas,"36,435",,822 ,,"34,913",,700,,"90,881","2,050","241,422","602,187","400,909 ",North America,114882,,,"1,746"
163,Faeroe Islands,"34,658",,28 ,,N/A,N/A,N/A,5,"703,830",569,"778,000","15,799,521","49,242 ",Europe,"11,7590",,,"547,033"
164,Lesotho,"34,040",,702 ,,"24,155",,"9,183",,"15,637",322,"431,221","198,090","2,176,890 ",Africa,"643,1015",,,"4,218"
165,Haiti,"32,103",,837 ,,"29,895",,"1,371",,"2,747",72,"132,422","11,332","11,686,083 ",North America,"36413,96288",,,117
166,Mali,"31,203",,737 ,,"30,369",,97,,"1,455",34,"710,828","33,153","21,440,624 ",Africa,"68729,09230",,,5
167,Cayman Islands,"27,966",,29 ,,"8,553",,"19,384",1,"415,567",431,"222,773","3,310,345","67,296 ",North America,"22,3210",,,"288,041"
168,Saint Lucia,"27,464",,385 ,,"26,913",,166,,"148,183","2,077","209,716","1,131,527","185,339 ",North America,74811,,,896
169,Benin,"27,216",,163 ,,"25,506",,"1,547",5,"2,131",13,"604,310","47,319","12,770,925 ",Africa,"46978,34921",,,121
170,Somalia,"26,912",,"1,350 ",,"13,182",,"12,380",,"1,602",80,"400,466","23,841","16,797,693 ",Africa,"62412,44342",,,737
171,Congo,"24,604",,386 ,,"20,178",,"4,040",,"4,246",67,"347,815","60,018","5,795,142 ",Africa,"23615,01317",,,697
172,Timor-Leste,"22,975",,133 ,,"22,829",,13,,"16,774",97,"271,206","198,008","1,369,670 ",Asia,"6010,2985",,,9
173,Solomon Islands,"21,544",,153 ,,"16,357",,"5,034",1,"29,871",212,"5,117","7,095","721,244 ",Australia/Oceania,"334,714141",,,"6,980"
174,Burkina Faso,"20,853",,382 ,,"20,439",,32,,945,17,"248,995","11,281","22,072,469 ",Africa,"1,05857,78189",,,1
175,Gibraltar,"19,862",,105 ,,"16,579",,"3,178",,"589,902","3,119","534,283","15,868,221","33,670 ",Europe,23210,,,"94,387"
176,San Marino,"19,253",,117 ,,"18,554",,582,4,"565,002","3,434","152,231","4,467,396","34,076 ",Europe,22910,,,"17,079"
177,Grenada,"18,655",,233 ,,"18,266",,156,4,"164,237","2,051","172,697","1,520,407","113,586 ",North America,64871,,,"1,373"
178,Nicaragua,"18,491",,225 ,,"4,225",,"14,041",,"2,725",33,,,"6,785,332 ",North America,"36730,157",,,"2,069"
179,Liechtenstein,"18,335",,85 ,,"17,958",,292,,"478,084","2,216","102,174","2,664,181","38,351 ",Europe,24510,,,"7,614"
180,Tajikistan,"17,786",,125 ,,"17,264",,397,,"1,783",13,,,"9,974,630 ",Asia,"56179,797",,,40
181,South Sudan,"17,733",,138 ,,"15,630",,"1,965",1,"1,547",12,"410,280","35,797","11,461,436 ",Africa,"64683,05428",,,171
182,Bermuda,"16,722",,141 ,,"16,201",,380,,"270,543","2,281","958,749","15,511,479","61,809 ",North America,44380,,,"6,148"
183,Equatorial Guinea,"16,621",,183 ,,"16,015",,423,5,"11,103",122,"350,919","234,414","1,497,006 ",Africa,"908,1804",,,283
184,Djibouti,"15,690",,189 ,,"15,427",,74,,"15,423",186,"305,941","300,736","1,017,309 ",Africa,"655,3833",,,73
185,Samoa,"15,178",,29 ,,"1,605",,"13,544",4,"75,474",144,"170,551","848,078","201,103 ",Australia/Oceania,"136,9351",,,"67,349"
186,Dominica,"14,852",,68 ,,"14,554",,230,,"205,277",940,"210,195","2,905,212","72,351 ",North America,"51,0640",,,"3,179"
187,CAR,"14,712",,113 ,,"6,859",,"7,740",2,"2,942",23,"81,294","16,255","5,001,066 ",Africa,"34044,25762",,,"1,548"
188,Monaco,"13,739",,57 ,,"13,372",,310,4,"345,123","1,432","77,770","1,953,578","39,809 ",Europe,36981,,,"7,787"
189,Tonga,"12,439",,12 ,,"12,283",,144,,"115,028",111,"535,009","4,947,420","108,139 ",Australia/Oceania,"99,0120",,,"1,332"
190,Gambia,"12,009",,365 ,,"11,591",,53,,"4,700",143,"155,686","60,930","2,555,158 ",Africa,"2137,00016",,,21
191,Greenland,"11,971",,21 ,,"2,761",,"9,189",4,"210,124",369,"164,926","2,894,911","56,971 ",North America,"52,7130",,,"161,293"
192,Yemen,"11,848",,"2,149 ",,"9,108",,591,23,380,69,"265,253","8,511","31,165,946 ",Asia,"2,63014,503117",,,19
193,Vanuatu,"11,723",,14 ,,"11,672",,37,,"36,431",44,"24,976","77,617","321,786 ",Australia/Oceania,"2722,98513",,,115
194,Saint Martin,"11,224",,63 ,,"1,399",,"9,762",7,"280,523","1,575","112,382","2,808,778","40,011 ",North America,46350,,,"243,983"
195,Sint Maarten,"10,656",,87 ,,"10,524",,45,10,"242,905","1,983","62,056","1,414,575","43,869 ",North America,45041,,,"1,026"
196,Caribbean Netherlands,"10,567",,35 ,,"10,424",,108,,"395,472","1,310","30,126","1,127,470","26,720 ",North America,37631,,,"4,042"
197,Eritrea,"9,882",,103 ,,"9,711",,68,,"2,710",28,"23,693","6,497","3,646,547 ",Africa,"36935,403154",,,19
198,Niger,"9,096",,311 ,,"8,628",,157,1,350,12,"254,538","9,792","25,994,039 ",Africa,"2,85883,582102",,,6
199,Antigua and Barbuda,"8,712",,144 ,,"8,543",,25,1,"87,485","1,446","18,901","189,801","99,583 ",North America,116925,,,251
200,Guinea-Bissau,"8,400",,171 ,,"8,151",,78,6,"4,072",83,"145,231","70,402","2,062,882 ",Africa,"24612,06414",,,38
201,Comoros,"8,209",,160 ,,"7,933",,116,,"9,047",176,,,"907,388 ",Africa,"1115,671",,,128
202,Sierra Leone,"7,722",,125 ,,N/A,N/A,N/A,,929,15,"259,958","31,290","8,307,892 ",Africa,"1,07666,46332",,,334
203,Liberia,"7,504",,294 ,,"5,747",,"1,463",2,"1,416",55,"139,824","26,381","5,300,167 ",Africa,"70618,02838",,,276
204,Chad,"7,430",,193 ,,"4,874",,"2,363",,427,11,"191,341","11,005","17,387,307 ",Africa,"2,34090,09091",,,136
205,British Virgin Islands,"7,131",,63 ,,N/A,N/A,N/A,1,"232,727","2,056","105,790","3,452,564","30,641 ",North America,44860,,,783
206,St. Vincent Grenadines,"7,040",,115 ,,"6,641",,284,,"63,049","1,030","100,341","898,638","111,659 ",North America,169711,,,"2,543"
207,Nauru,"6,960",,1 ,,"3,391",,"3,568",,"634,863",91,"14,517","1,324,181","10,963 ",Australia/Oceania,"210,9631",,,"325,458"
208,Saint Kitts and Nevis,"6,383",,45 ,,"6,228",,110,,"118,276",834,"108,021","2,001,612","53,967 ",North America,"81,1990",,,"2,038"
209,Turks and Caicos,"6,255",,36 ,,"6,144",,75,4,"157,220",905,"548,537","13,787,533","39,785 ",North America,"61,1050",,,"1,885"
210,Sao Tome and Principe,"6,087",,74 ,,"5,997",,16,,"26,761",325,"29,036","127,653","227,461 ",Africa,"373,0748",,,70
211,Cook Islands,"5,831",,1 ,,"5,807",,23,,"331,363",57,"19,690","1,118,941","17,597 ",Australia/Oceania,"317,5971",,,"1,307"
212,Palau,"5,308",,6 ,,"5,166",,136,1,"290,531",328,"62,774","3,435,906","18,270 ",Australia/Oceania,"33,0450",,,"7,444"
213,St. Barth,"4,845",,6 ,,N/A,N/A,N/A,,"487,523",604,"78,646","7,913,665","9,938 ",North America,"21,6560",,,"440,431"
214,Anguilla,"3,535",,9 ,,"3,514",,12,4,"231,409",589,"51,382","3,363,577","15,276 ",North America,"41,6970",,,786
215,Kiribati,"3,236",,13 ,,"2,665",,558,3,"26,269",106,,,"123,187 ",Australia/Oceania,"389,476",,,"4,530"
216,Saint Pierre Miquelon,"2,970",,1 ,,"2,449",,520,1,"517,782",174,"24,521","4,274,930","5,736 ",North America,"25,7360",,,"90,656"
217,Falkland Islands,"1,831",, ,,N/A,N/A,N/A,,"496,610",,"8,632","2,341,199","3,687 ",South America,20,,,"462,978"
218,Montserrat,"1,025",,8 ,,"1,015",,2,,"205,082","1,601","14,243","2,849,740","4,998 ",North America,56250,,,400
219,Macao,756,,5 ,,239,,512,,"1,133",7,"7,747","11,608","667,392 ",Asia,"883133,47886",,,767
220,Diamond Princess,712,,13 ,,699,,0,,,,,, ,,,,,
221,Wallis and Futuna,456,,7 ,,438,,11,,"42,074",646,"20,508","1,892,231","10,838 ",Australia/Oceania,"241,5481",,,"1,015"
222,Marshall Islands,49,, ,,18,,31,,817,,,,"60,005 ",Australia/Oceania,"1,225",,,517
223,Micronesia,38,, ,,33,,5,,323,,"21,923","186,606","117,483 ",Australia/Oceania,"3,0925",,,43
224,Vatican City,29,, ,,29,,0,,"36,025",,,,805 ,Europe,28,,,
225,Niue,29,, ,,23,,6,,"17,597",,,,"1,648 ",Australia/Oceania,57,,,"3,641"
226,Western Sahara,10,,1 ,,9,,0,,16,2,,,"627,297 ",Africa,"62,730627,297",,,
227,MS Zaandam,9,,2 ,,7,,0,,,,,, ,,,,,
228,Tuvalu,3,, ,,,,3,,248,,,,"12,089 ",Australia/Oceania,"4,030",,,248
229,Saint Helena,2,, ,,2,,0,,327,,,,"6,114 ",Africa,"3,057",,,
230,China,"227,830",+237,"5,226 ",,"221,179",+122,"1,425",,158,4,"160,000,000","111,163","1,439,323,776 ",Asia,"6,318275,4169",0.2,,1.0
#,"Country,Other",TotalCases,NewCases,TotalDeaths,NewDeaths,TotalRecovered,NewRecovered,ActiveCases,"Serious,Critical",Tot Cases/1M pop,Deaths/1M pop,TotalTests,Tests/,1M pop,,Population,Continent,1 Caseevery X ppl1 Deathevery X ppl1 Testevery X ppl,New Cases/1M pop,New Deaths/1M pop,Active Cases/1M pop
1,China,"227,593",+167,"5,226 ",,"221,057",+86,"1,310",,158,4,"160,000,000","111,163","1,439,323,776 ",Asia,"6,324275,4169",0.1,,0.9
2,USA,"91,429,409","+58,177","1,049,274 ",+149,"86,752,569","+106,349","3,627,566","4,148",,,"1,060,886,881",, ,North America,,,,
3,India,"43,779,265","+11,731","525,760 ",,"43,098,090",+580,"155,415",698,"31,100",373,"869,425,632","617,630","1,407,680,653 ",Asia,"322,6772",8,,110
4,Brazil,"33,339,815","+38,697","675,551 ",+143,"31,640,771","+84,378","1,023,493","8,318","154,608","3,133","63,776,166","295,751","215,641,433 ",South America,63193,179,0.7,"4,746"
5,France,"33,034,311","+17,733","150,835 ",+174,"30,675,128","+147,163","2,208,348",869,"503,817","2,300","271,490,188","4,140,585","65,568,079 ",Europe,24350,270,3,"33,680"
6,Germany,"29,853,680","+160,691","142,635 ",+102,"27,786,700","+104,100","1,924,345","1,269","354,009","1,691","122,332,384","1,450,633","84,330,334 ",Europe,35911,"1,905",1,"22,819"
7,UK,"23,075,360",,"181,580 ",,"22,375,874","+19,939","517,906",146,"336,310","2,646","522,526,476","7,615,520","68,613,369 ",Europe,33780,,,"7,548"
8,Italy,"20,177,910","+31,204","170,037 ",+112,"18,553,478","+42,594","1,454,395",417,"334,733","2,821","232,999,370","3,865,250","60,280,538 ",Europe,33550,518,2,"24,127"
9,S. Korea,"18,788,056","+26,299","24,753 ",+11,"18,334,599","+9,571","428,704",81,"365,817",482,"15,804,065","307,717","51,359,166 ",Asia,"32,0753",512,0.2,"8,347"
10,Russia,"18,494,844","+4,548","381,916 ",+35,"17,911,340","+2,531","201,588","2,300","126,623","2,615","273,400,000","1,871,807","146,062,072 ",Europe,83821,31,0.2,"1,380"
11,Turkey,"15,297,539",,"99,088 ",,"15,096,774",,"101,677",975,"177,486","1,150","162,743,369","1,888,186","86,190,334 ",Asia,68701,,,"1,180"
12,Spain,"13,090,476",,"109,348 ",,"12,396,745",,"584,383",339,"279,761","2,337","471,036,328","10,066,662","46,791,709 ",Europe,44280,,,"12,489"
13,Vietnam,"10,761,435",+840,"43,091 ",,"9,818,357","+4,081","899,987",29,"108,564",435,"85,826,548","865,841","99,125,103 ",Asia,"92,3001",8,,"9,079"
14,Japan,"10,308,445","+103,602","31,594 ",+14,"9,547,252","+45,487","729,599",129,"82,017",251,"59,060,542","469,902","125,687,029 ",Asia,"123,9782",824,0.1,"5,805"
15,Argentina,"9,465,827",,"129,202 ",,"9,234,355","+3,668","102,270",393,"205,592","2,806","35,716,069","775,732","46,041,756 ",South America,53561,,,"2,221"
16,Australia,"8,812,682","+39,106","10,719 ",+30,"8,425,795",,"376,168",152,"337,606",411,"75,160,949","2,879,352","26,103,426 ",Australia/Oceania,"32,4350","1,498",1,"14,411"
17,Netherlands,"8,287,266","+3,238","22,432 ",+2,"8,103,658","+7,677","161,176",54,"481,476","1,303","21,107,399","1,226,305","17,212,194 ",Europe,27671,188,0.1,"9,364"
18,Iran,"7,284,165","+5,687","141,513 ",+14,"7,068,990",+653,"73,662",579,"84,517","1,642","52,690,831","611,362","86,186,017 ",Asia,126092,66,0.2,855
19,Mexico,"6,448,477","+8,861","326,504 ",+13,"5,507,077","+26,031","614,896","4,798","48,965","2,479","17,197,766","130,587","131,696,032 ",North America,204038,67,0.10,"4,669"
20,Colombia,"6,223,497",,"140,365 ",,"6,031,815",,"51,317",342,"119,707","2,700","35,781,769","688,254","51,989,211 ",South America,83701,,,987
21,Indonesia,"6,138,346","+3,393","156,859 ",+10,"5,952,981","+2,427","28,506","2,771","21,968",561,"102,193,503","365,730","279,423,671 ",Asia,"461,7813",12,0.04,102
22,Poland,"6,032,794",+319,"116,470 ",,"5,335,772",+1,"580,552",408,"159,758","3,084","36,557,292","968,095","37,762,086 ",Europe,63241,8,,"15,374"
23,Portugal,"5,294,315","+1,692","24,474 ",+13,"5,036,852","+16,353","232,989",61,"522,323","2,415","43,527,258","4,294,285","10,136,089 ",Europe,24140,167,1,"22,986"
24,Ukraine,"5,020,181",,"108,690 ",,"4,908,198",+149,"3,293",177,"116,213","2,516","19,521,252","451,900","43,198,137 ",Europe,93972,,,76
25,DPRK,"4,771,600",+310,74 ,,"4,770,820",+480,706,,"183,458",3,,,"26,009,240 ",Asia,"5351,476",12,,27
26,Malaysia,"4,626,061","+3,080","35,862 ",+7,"4,548,014","+3,399","42,185",57,"139,289","1,080","61,815,535","1,861,245","33,211,928 ",Asia,79261,93,0.2,"1,270"
27,Austria,"4,618,283","+8,449","18,934 ",+3,"4,477,310","+9,718","122,039",76,"506,879","2,078","192,298,733","21,105,718","9,111,215 ",Europe,24810,927,0.3,"13,394"
28,Thailand,"4,560,843","+1,814","31,016 ",+17,"4,507,095","+2,361","22,732","1,496","65,009",442,"17,270,775","246,173","70,157,184 ",Asia,"152,2624",26,0.2,324
29,Israel,"4,518,516","+5,461","11,181 ",+9,"4,443,356","+5,855","63,979",310,"484,507","1,199","41,373,364","4,436,346","9,326,000 ",Asia,28340,586,1.0,"6,860"
30,Belgium,"4,349,050",,"32,051 ",,"4,158,264","+2,375","158,735",74,"371,952","2,741","34,784,155","2,974,912","11,692,498 ",Europe,33650,,,"13,576"
31,Taiwan,"4,282,777","+18,003","8,224 ",+48,"3,677,983","+44,176","596,570",,"179,161",344,"22,048,589","922,354","23,904,688 ",Asia,"62,9071",753,2,"24,956"
32,Chile,"4,141,778","+4,626","59,126 ",+40,"3,823,339","+11,631","259,313",192,"212,935","3,040","41,414,656","2,129,187","19,450,921 ",South America,53290,238,2,"13,332"
33,Canada,"4,012,359","+4,896","43,583 ",+28,"3,695,850","+119,175","272,926",195,"104,442","1,134","62,586,673","1,629,133","38,417,170 ",North America,108811,127,0.7,"7,104"
34,South Africa,"4,000,631",+880,"101,922 ",+4,"3,892,034","+1,525","6,675",192,"65,763","1,675","25,887,017","425,535","60,834,082 ",Africa,155972,14,0.07,110
35,Czechia,"3,952,650",+260,"40,355 ",+1,"3,900,603","+1,865","11,692",14,"367,706","3,754","55,630,212","5,175,145","10,749,499 ",Europe,32660,24,0.09,"1,088"
36,Switzerland,"3,843,522",,"14,021 ",,"3,682,853","+3,527","146,648",54,"437,573","1,596","21,598,881","2,458,967","8,783,723 ",Europe,26260,,,"16,695"
37,Greece,"3,843,142",,"30,476 ",,"3,614,441",,"198,225",103,"372,424","2,953","86,634,526","8,395,422","10,319,258 ",Europe,33390,,,"19,209"
38,Peru,"3,761,445","+11,810","213,840 ",+15,"3,430,374","+4,082","117,231",182,"110,928","6,306","32,342,335","953,804","33,908,802 ",South America,91591,348,0.4,"3,457"
39,Philippines,"3,735,383","+2,285","60,641 ",,"3,654,218","+1,631","20,524",522,"33,187",539,"31,170,885","276,936","112,556,318 ",Asia,"301,8564",20,,182
40,Denmark,"3,044,171","+4,312","6,563 ",+12,"3,012,713","+3,215","24,895",14,"521,816","1,125","127,854,498","21,916,149","5,833,803 ",Europe,28890,739,2,"4,267"
41,Romania,"2,967,222","+3,288","65,815 ",+2,"2,853,648",,"47,759",115,"156,366","3,468","23,749,514","1,251,550","18,976,085 ",Europe,62881,173,0.1,"2,517"
42,Sweden,"2,528,166",,"19,170 ",,"2,494,449",+357,"14,547",16,"247,188","1,874","18,709,369","1,829,282","10,227,713 ",Europe,45341,,,"1,422"
43,Iraq,"2,409,641","+4,455","25,273 ",+3,"2,350,301","+4,682","34,067",25,"57,286",601,"18,949,265","450,490","42,063,663 ",Asia,"171,6642",106,0.07,810
44,Serbia,"2,059,982","+3,291","16,173 ",+4,"2,013,234","+3,347","30,575",13,"237,719","1,866","10,053,386","1,160,147","8,665,617 ",Europe,45361,380,0.5,"3,528"
45,Bangladesh,"1,997,412","+1,072","29,241 ",+7,"1,926,957","+1,997","41,214","1,228","11,887",174,"14,510,877","86,356","168,036,329 ",Asia,"845,74712",6,0.04,245
46,Hungary,"1,940,824",,"46,696 ",,"1,878,221",,"15,907",16,"201,952","4,859","11,394,556","1,185,656","9,610,335 ",Europe,52061,,,"1,655"
47,Slovakia,"1,806,246",+156,"20,172 ",,"1,777,292",+58,"8,782",26,"330,510","3,691","7,201,031","1,317,655","5,465,035 ",Europe,32711,29,,"1,607"
48,Jordan,"1,700,526",,"14,068 ",,"1,685,354",,"1,104",124,"163,359","1,351","16,894,012","1,622,902","10,409,754 ",Asia,67401,,,106
49,Georgia,"1,667,453",,"16,847 ",,"1,637,293",,"13,313",,"419,638","4,240","16,920,079","4,258,174","3,973,553 ",Asia,22360,,,"3,350"
50,Ireland,"1,628,745",,"7,537 ",,"1,572,304","+1,054","48,904",39,"322,505","1,492","12,480,436","2,471,227","5,050,300 ",Europe,36700,,,"9,683"
51,Singapore,"1,602,273","+6,227","1,457 ",+4,"1,505,241","+10,100","95,575",16,"269,553",245,"24,107,231","4,055,592","5,944,195 ",Asia,"44,0800","1,048",0.7,"16,079"
52,Pakistan,"1,546,744",+492,"30,445 ",+5,"1,505,635",,"10,664",169,"6,735",133,"29,297,676","127,580","229,641,780 ",Asia,"1487,5438",2,0.02,46
53,New Zealand,"1,508,728","+7,974","1,784 ",+21,"1,436,904","+8,675","70,040",,"301,619",357,"7,334,013","1,466,187","5,002,100 ",Australia/Oceania,"32,8041","1,594",4,"14,002"
54,Norway,"1,453,071",+316,"3,504 ",,"1,444,612",+231,"4,955",20,"263,825",636,"11,002,430","1,997,641","5,507,710 ",Europe,"41,5721",57,,900
55,Kazakhstan,"1,318,044","+1,477","13,664 ",,"1,295,042",+244,"9,338",24,"68,524",710,"11,575,012","601,772","19,234,864 ",Asia,"151,4082",77,,485
56,Hong Kong,"1,297,772","+3,436","9,440 ",+3,"1,209,738",+810,"78,594",4,"170,288","1,239","50,415,048","6,615,238","7,621,048 ",Asia,68070,451,0.4,"10,313"
57,Morocco,"1,251,766",+469,"16,189 ",+5,"1,222,236","+1,984","13,341",293,"33,113",428,"12,118,431","320,568","37,803,013 ",Africa,"302,3353",12,0.1,353
58,Bulgaria,"1,187,138","+2,292","37,301 ",+7,"1,136,975","+1,545","12,862",32,"173,512","5,452","10,186,273","1,488,824","6,841,824 ",Europe,61831,335,1,"1,880"
59,Finland,"1,171,034",,"5,012 ",,"1,120,330",,"45,692",21,"210,683",902,"11,129,795","2,002,383","5,558,274 ",Europe,"51,1090",,,"8,221"
60,Croatia,"1,168,191",+80,"16,158 ",+2,"1,143,556","+1,362","8,477",20,"288,182","3,986","4,998,397","1,233,058","4,053,658 ",Europe,32511,20,0.5,"2,091"
61,Lebanon,"1,142,644","+1,850","10,491 ",+2,"1,087,587",,"44,566",186,"168,952","1,551","4,795,578","709,077","6,763,129 ",Asia,66451,274,0.3,"6,590"
62,Cuba,"1,106,879",+81,"8,529 ",,"1,097,965",+50,385,23,"97,846",754,"13,997,964","1,237,387","11,312,518 ",North America,"101,3261",7,,34
63,Tunisia,"1,087,030",,"28,823 ",,N/A,N/A,N/A,29,"90,054","2,388","4,743,992","393,011","12,070,885 ",Africa,114193,,,"2,606"
64,Lithuania,"1,074,646",+53,"9,190 ",,"1,038,300",,"27,156",6,"406,310","3,475","10,029,476","3,792,014","2,644,894 ",Europe,22880,20,,"10,267"
65,Slovenia,"1,060,741",+493,"6,667 ",,"1,034,542",,"19,532",16,"510,089","3,206","2,694,049","1,295,514","2,079,521 ",Europe,23121,237,,"9,393"
66,Belarus,"994,037",,"7,118 ",,"985,592",,"1,327",,"105,267",754,"13,646,641","1,445,162","9,442,985 ",Europe,"91,3271",,,141
67,Guatemala,"985,245",+768,"18,839 ",+17,"893,334","+1,760","73,072",5,"52,994","1,013","5,152,424","277,137","18,591,610 ",North America,199874,41,0.9,"3,930"
68,Nepal,"981,794",+386,"11,954 ",+1,"968,064",+48,"1,776",,"32,503",396,"5,787,357","191,597","30,205,838 ",Asia,"312,5275",13,0.03,59
69,UAE,"974,802","+1,386","2,325 ",,"955,076","+1,382","17,401",,"96,190",229,"174,326,021","17,201,809","10,134,168 ",Asia,"104,3590",137,,"1,717"
70,Bolivia,"969,652","+1,440","21,982 ",+3,"905,056","+2,457","42,614",220,"80,819","1,832","2,705,422","225,492","11,997,838 ",South America,125464,120,0.3,"3,552"
71,Uruguay,"965,370",,"7,373 ",,"955,371",,"2,626",18,"275,955","2,108","6,114,822","1,747,949","3,498,283 ",South America,44741,,,751
72,Panama,"942,083",,"8,395 ",,"922,313",,"11,375",16,"211,546","1,885","6,695,106","1,503,395","4,453,324 ",North America,55301,,,"2,554"
73,Ecuador,"935,211",,"35,774 ",,"877,685","+2,272","21,752",759,"51,415","1,967","2,470,170","135,801","18,189,569 ",South America,195087,,,"1,196"
74,Mongolia,"930,677",,"2,179 ",,N/A,N/A,N/A,192,"274,862",644,"4,030,048","1,190,215","3,385,984 ",Asia,"41,5541",,,"181,703"
75,Costa Rica,"904,934",,"8,525 ",,"860,711",,"35,698",52,"174,394","1,643","4,659,757","898,006","5,189,006 ",North America,66091,,,"6,880"
76,Latvia,"846,530","+1,550","5,875 ",,"831,322",+923,"9,333",1,"459,148","3,187","7,368,092","3,996,364","1,843,699 ",Europe,23140,841,,"5,062"
77,Saudi Arabia,"804,570",+806,"9,233 ",+1,"788,371",+405,"6,966",145,"22,399",257,"43,704,864","1,216,732","35,919,876 ",Asia,"453,8901",22,0.03,194
78,Azerbaijan,"794,656",+564,"9,723 ",+1,"784,032",+579,901,,"76,960",942,"7,004,415","678,354","10,325,597 ",Asia,"131,0621",55,0.10,87
79,Paraguay,"688,820",,"19,083 ",,"647,415",,"22,322",6,"94,214","2,610","2,646,163","361,930","7,311,262 ",South America,113833,,,"3,053"
80,Sri Lanka,"664,510",+62,"16,528 ",,"647,457",+3,525,,"30,770",765,"6,486,117","300,334","21,596,370 ",Asia,"321,3073",3,,24
81,Bahrain,"650,625","+1,224","1,506 ",,"637,954","+1,200","11,165",14,"357,050",826,"10,121,898","5,554,698","1,822,223 ",Asia,"31,2100",672,,"6,127"
82,Kuwait,"648,216",,"2,556 ",,"641,752",,"3,908",6,"147,342",581,"8,242,720","1,873,598","4,399,408 ",Asia,"71,7211",,,888
83,Dominican Republic,"622,432",+496,"4,383 ",,"613,029",+350,"5,020",27,"56,228",396,"3,558,356","321,447","11,069,815 ",North America,"182,5263",45,,453
84,Myanmar,"613,838",+22,"19,434 ",,"592,744",+8,"1,660",,"11,130",352,"8,463,296","153,449","55,153,806 ",Asia,"902,8387",0.4,,30
85,Palestine,"592,699",,"5,360 ",,"582,977",,"4,362",17,"110,923","1,003","3,078,533","576,146","5,343,319 ",Asia,99972,,,816
86,Estonia,"585,143",,"2,608 ",,"523,576",,"58,959",6,"440,502","1,963","3,424,969","2,578,356","1,328,354 ",Europe,25090,,,"44,385"
87,Cyprus,"545,896",,"1,086 ",,"124,370",,"420,440",60,"445,525",886,"9,477,138","7,734,627","1,225,287 ",Asia,"21,1280",,,"343,136"
88,Venezuela,"530,402",,"5,748 ",,"521,043",,"3,611",36,"18,761",203,"3,359,014","118,812","28,271,662 ",South America,"534,9198",,,128
89,Moldova,"520,321",,"11,567 ",,"504,142",,"4,612",49,"129,599","2,881","3,216,305","801,103","4,014,846 ",Europe,83471,,,"1,149"
90,Egypt,"515,645",,"24,613 ",,"442,182",,"48,850",122,"4,852",232,"3,693,367","34,754","106,271,685 ",Africa,"2064,31829",,,460
91,Libya,"502,642",+353,"6,431 ",+1,"490,973",,"5,238",101,"71,177",911,"2,477,219","350,787","7,061,898 ",Africa,"141,0983",50,0.1,742
92,Ethiopia,"491,086",,"7,561 ",,"468,107",,"15,418",40,"4,066",63,"5,104,319","42,264","120,772,370 ",Africa,"24615,97324",,,128
93,Honduras,"432,139","+1,467","10,919 ",+7,"132,498",,"288,722",105,"42,259","1,068","1,420,311","138,893","10,225,957 ",North America,249377,143,0.7,"28,234"
94,Réunion,"429,237",,825 ,,"418,572",,"9,840",10,"472,548",908,"1,603,660","1,765,475","908,345 ",Africa,"21,1011",,,"10,833"
95,Armenia,"424,400",+629,"8,629 ",,"412,661",,"3,110",,"142,678","2,901","3,109,931","1,045,517","2,974,538 ",Asia,73451,211,,"1,046"
96,Qatar,"396,344","+1,293",680 ,,"388,069",+567,"7,595",6,"141,158",242,"3,705,011","1,319,540","2,807,805 ",Asia,"74,1291",461,,"2,705"
97,Oman,"391,641",,"4,260 ",,"384,669",,"2,712",2,"72,910",793,"25,000,000","4,654,151","5,371,549 ",Asia,"141,2610",,,505
98,Bosnia and Herzegovina,"381,150",+401,"15,819 ",+2,N/A,N/A,N/A,,"117,667","4,884","1,802,616","556,497","3,239,218 ",Europe,82052,124,0.6,"53,443"
99,Kenya,"336,798",+58,"5,668 ",,"329,901",+228,"1,229",2,"5,994",101,"3,797,731","67,590","56,187,389 ",Africa,"1679,91315",1,,22
100,Zambia,"327,994",,"4,009 ",,"322,419",,"1,566",4,"16,877",206,"3,589,883","184,720","19,434,171 ",Africa,"594,8485",,,81
101,Botswana,"324,841",,"2,760 ",,"321,024",,"1,057",1,"132,670","1,127","2,026,898","827,817","2,448,485 ",Africa,88871,,,432
102,North Macedonia,"319,037",+899,"9,339 ",,"306,979",+670,"2,719",,"153,148","4,483","2,082,678","999,749","2,083,200 ",Europe,72231,432,,"1,305"
103,Albania,"296,732",+427,"3,518 ",+1,"284,013",+789,"9,201",,"103,341","1,225","1,866,752","650,122","2,871,389 ",Europe,108162,149,0.3,"3,204"
104,Luxembourg,"274,524",,"1,102 ",,"259,768",,"13,654",,"424,465","1,704","4,349,750","6,725,520","646,753 ",Europe,25870,,,"21,112"
105,Algeria,"266,487",+42,"6,875 ",,"178,804",+19,"80,808",6,"5,861",151,"230,861","5,078","45,466,328 ",Africa,"1716,613197",0.9,,"1,777"
106,Nigeria,"259,007",,"3,144 ",,"250,485",,"5,378",11,"1,196",15,"5,349,305","24,701","216,561,537 ",Africa,"83668,88140",,,25
107,Zimbabwe,"256,083",,"5,566 ",,"249,862",,655,12,"16,733",364,"2,424,666","158,430","15,304,290 ",Africa,"602,7506",,,43
108,Montenegro,"247,609",+430,"2,732 ",+2,"240,795",+276,"4,082",6,"394,139","4,349","2,519,568","4,010,595","628,228 ",Europe,32300,684,3,"6,498"
109,Uzbekistan,"242,305",+69,"1,637 ",,"239,196",+53,"1,472",23,"7,032",48,"1,377,915","39,987","34,458,694 ",Asia,"14221,05025",2,,43
110,Mozambique,"229,077",+39,"2,215 ",,"226,438",+64,424,11,"6,933",67,"1,360,359","41,171","33,041,643 ",Africa,"14414,91724",1,,13
111,Laos,"210,546",+18,757 ,,N/A,N/A,N/A,,"28,107",101,"1,233,207","164,627","7,490,927 ",Asia,"369,8966",2,,"26,983"
112,Martinique,"207,969",,987 ,,104,,"206,878",8,"555,070","2,634","828,928","2,212,410","374,672 ",North America,23800,,,"552,158"
113,Kyrgyzstan,"201,329",,"2,991 ",,"196,406",,"1,932",131,"29,854",444,"1,907,195","282,808","6,743,771 ",Asia,"332,2554",,,286
114,Iceland,"199,611",,179 ,,N/A,N/A,N/A,1,"577,311",518,"1,979,580","5,725,301","345,760 ",Europe,"21,9320",,,"357,899"
115,Maldives,"183,908",+417,307 ,,"163,687",,"19,914",25,"328,428",548,"2,213,831","3,953,517","559,965 ",Asia,"31,8240",745,,"35,563"
116,Afghanistan,"183,687",+70,"7,733 ",+1,"165,726",+68,"10,228","1,124","4,511",190,"1,015,340","24,937","40,716,715 ",Asia,"2225,26540",2,0.02,251
117,Brunei ,"182,950",,225 ,,"164,116",,"18,609",,"410,180",504,"717,784","1,609,295","446,024 ",Asia,"21,9821",,,"41,722"
118,El Salvador,"180,970",,"4,177 ",+3,"165,895",,"10,898",8,"27,617",637,"2,368,512","361,442","6,552,958 ",North America,"361,5693",,0.5,"1,663"
119,Guadeloupe,"175,348",,958 ,,"2,250",,"172,140",19,"438,081","2,393","938,039","2,343,551","400,264 ",North America,24180,,,"430,066"
120,Namibia,"169,253",,"4,065 ",,"164,813",,375,,"64,238","1,543","1,062,663","403,322","2,634,773 ",Africa,166482,,,142
121,Trinidad and Tobago,"169,227",+47,"4,039 ",+1,"159,174",+133,"6,014",18,"120,127","2,867","783,472","556,154","1,408,731 ",North America,83492,33,0.7,"4,269"
122,Uganda,"168,776",+13,"3,627 ",,"100,420",,"64,729",5,"3,467",74,"2,982,670","61,261","48,687,606 ",Africa,"28813,42416",0.3,,"1,329"
123,Ghana,"167,215",,"1,456 ",,"165,153",,606,2,"5,162",45,"2,479,277","76,530","32,396,041 ",Africa,"19422,25013",,,19
124,Jamaica,"144,881",+114,"3,171 ",,"92,449",+123,"49,261",,"48,495","1,061","1,140,821","381,861","2,987,528 ",North America,219423,38,,"16,489"
125,Cambodia,"136,477",+22,"3,056 ",,"133,302",+11,119,,"7,939",178,"3,005,631","174,838","17,190,970 ",Asia,"1265,6256",1,,7
126,Rwanda,"131,906",+26,"1,464 ",,"45,522",,"84,920",,"9,694",108,"5,620,449","413,051","13,607,149 ",Africa,"1039,2952",2,,"6,241"
127,Cameroon,"120,068",,"1,931 ",,"117,791",,346,13,"4,304",69,"1,751,774","62,802","27,893,764 ",Africa,"23214,44516",,,12
128,Malta,"111,149",+182,773 ,+1,"103,974",+486,"6,402",4,"250,369","1,741","2,001,696","4,508,923","443,941 ",Europe,45740,410,2,"14,421"
129,Angola,"102,209",+308,"1,912 ",+3,"97,149",,"3,148",,"2,924",55,"1,499,795","42,911","34,951,697 ",Africa,"34218,28023",9,0.09,90
130,DRC,"91,737",,"1,376 ",,"50,930",,"39,431",,964,14,"846,704","8,902","95,115,482 ",Africa,"1,03769,125112",,,415
131,French Guiana,"89,779",,402 ,,"11,254",,"78,123",1,"285,489","1,278","644,972","2,050,955","314,474 ",South America,47820,,,"248,424"
132,Barbados,"87,754",+170,479 ,,"85,350",+249,"1,925",,"304,603","1,663","716,572","2,487,294","288,093 ",North America,36010,590,,"6,682"
133,Malawi,"86,968",+37,"2,655 ",+2,"83,551",+12,762,67,"4,319",132,"597,746","29,682","20,138,291 ",Africa,"2327,58534",2,0.10,38
134,Senegal,"86,791",,"1,968 ",,"84,603",,220,,"4,919",112,"1,125,833","63,808","17,643,980 ",Africa,"2038,96516",,,12
135,Channel Islands,"85,848",,181 ,,"82,813",,"2,854",,"484,656","1,022","1,252,808","7,072,737","177,132 ",Europe,29790,,,"16,112"
136,Ivory Coast,"84,616",+33,808 ,+2,"83,565",+83,243,,"3,054",29,"1,567,145","56,554","27,710,703 ",Africa,"32734,29518",1,0.07,9
137,Suriname,"80,919",,"1,377 ",,"49,590",,"29,952",,"135,462","2,305","238,251","398,844","597,354 ",South America,74343,,,"50,141"
138,French Polynesia,"74,113",+91,649 ,,N/A,N/A,N/A,7,"260,759","2,283",,,"284,220 ",Australia/Oceania,4438,320,,"140,609"
139,Eswatini,"73,243",+1,"1,417 ",,"71,788",+20,38,11,"61,826","1,196","1,039,299","877,291","1,184,668 ",Africa,168361,0.8,,32
140,Guyana,"68,972",+59,"1,267 ",+1,"66,686",+23,"1,019",,"86,834","1,595","670,394","844,013","794,293 ",South America,126271,74,1,"1,283"
141,Fiji,"66,975",+59,870 ,+1,"64,368",+48,"1,737",,"73,624",956,"592,054","650,827","909,695 ",Australia/Oceania,"141,0462",65,1,"1,909"
142,New Caledonia,"66,596",,314 ,,"64,483",,"1,799",9,"228,776","1,079","98,964","339,969","291,097 ",Australia/Oceania,49273,,,"6,180"
143,Madagascar,"66,289",,"1,406 ",,"64,277",,606,6,"2,275",48,"484,927","16,639","29,143,130 ",Africa,"44020,72860",,,21
144,Belize,"66,179",+185,680  ,,"64,810",+259,689,6,"160,491","1,649","576,016","1,396,900","412,353 ",North America,66061,449,,"1,671"
145,Sudan,"62,872",+77,"4,955 ",,N/A,N/A,N/A,,"1,369",108,"562,941","12,254","45,937,684 ",Africa,"7319,27182",2,,383
146,Mauritania,"61,970",+49,989 ,+3,"59,504",+121,"1,477",,"12,650",202,"894,186","182,526","4,898,960 ",Africa,"794,9535",10,0.6,301
147,Cabo Verde,"61,922",,409 ,,"61,174",,339,23,"108,959",720,"401,416","706,339","568,305 ",Africa,"91,3891",,,597
148,Bhutan,"60,109",+169,21 ,,"59,959",+114,129,,"76,190",27,"2,303,734","2,920,037","788,940 ",Asia,"1337,5690",214,,164
149,Syria,"56,005",+32,"3,150 ",,"52,790",+10,65,,"3,049",171,"146,269","7,963","18,367,863 ",Asia,"3285,831126",2,,4
150,Gabon,"48,289",,306 ,,"47,477",,506,,"20,699",131,"1,604,748","687,888","2,332,863 ",Africa,"487,6241",,,217
151,Seychelles,"45,185",,167 ,,"44,755",,263,,"453,715","1,677",,,"99,589 ",Africa,2596,,,"2,641"
152,Curaçao,"44,932",+150,282 ,+2,"44,434",+95,216,3,"271,555","1,704","496,693","3,001,855","165,462 ",North America,45870,907,12,"1,305"
153,Papua New Guinea,"44,761",,662 ,,"43,982",,117,7,"4,817",71,"249,149","26,811","9,292,750 ",Australia/Oceania,"20814,03737",,,13
154,Andorra,"44,671",,153 ,,"43,802",,716,14,"576,274","1,974","249,838","3,223,009","77,517 ",Europe,25070,,,"9,237"
155,Burundi,"43,222",,38 ,,N/A,N/A,N/A,,"3,427",3,"345,742","27,411","12,613,166 ",Africa,"292331,92536",,,"3,362"
156,Aruba,"41,787",,224 ,,"41,315",,248,1,"388,027","2,080","177,885","1,651,809","107,691 ",North America,34811,,,"2,303"
157,Mauritius,"39,012",,"1,008 ",,"37,157",,847,,"30,572",790,"358,675","281,077","1,276,072 ",Africa,"331,2664",,,664
158,Mayotte,"37,958",,187 ,,N/A,N/A,N/A,,"132,608",653,"176,919","618,075","286,242 ",Africa,"81,5312",,,"121,600"
159,Togo,"37,821",+23,275 ,,"37,298",+55,248,,"4,360",32,"762,628","87,916","8,674,517 ",Africa,"22931,54411",3,,29
160,Tanzania,"37,510",,841 ,,N/A,N/A,N/A,7,593,13,,,"63,204,830 ",Africa,"1,68575,154",,,577
161,Guinea,"37,358",,443 ,,"36,419",,496,8,"2,695",32,"660,107","47,629","13,859,424 ",Africa,"37131,28521",,,36
162,Isle of Man,"37,239",,110 ,,"26,794",,"10,335",,"433,258","1,280","150,753","1,753,941","85,951 ",Europe,27811,,,"120,243"
163,Bahamas,"36,435",,822 ,,"34,913",,700,,"90,881","2,050","241,422","602,187","400,909 ",North America,114882,,,"1,746"
164,Faeroe Islands,"34,658",,28 ,,N/A,N/A,N/A,5,"703,830",569,"778,000","15,799,521","49,242 ",Europe,"11,7590",,,"547,033"
165,Lesotho,"34,040",,702 ,,"24,155",,"9,183",,"15,637",322,"431,221","198,090","2,176,890 ",Africa,"643,1015",,,"4,218"
166,Haiti,"32,103",,837 ,,"29,895",,"1,371",,"2,747",72,"132,422","11,332","11,686,083 ",North America,"36413,96288",,,117
167,Mali,"31,203",+3,737 ,,"30,369",+1,97,,"1,455",34,"710,828","33,153","21,440,624 ",Africa,"68729,09230",0.1,,5
168,Cayman Islands,"27,966",,29 ,,"8,553",,"19,384",1,"415,567",431,"222,773","3,310,345","67,296 ",North America,"22,3210",,,"288,041"
169,Saint Lucia,"27,464",,385 ,,"26,913",,166,,"148,183","2,077","209,716","1,131,527","185,339 ",North America,74811,,,896
170,Benin,"27,216",,163 ,,"25,506",,"1,547",5,"2,131",13,"604,310","47,319","12,770,925 ",Africa,"46978,34921",,,121
171,Somalia,"26,912",+12,"1,350  ",,"13,182",,"12,380",,"1,602",80,"400,466","23,841","16,797,693 ",Africa,"62412,44342",0.7,,737
172,Congo,"24,604",,386 ,,"20,178",,"4,040",,"4,246",67,"347,815","60,018","5,795,142 ",Africa,"23615,01317",,,697
173,Timor-Leste,"22,975",,133 ,,"22,829",,13,,"16,774",97,"271,206","198,008","1,369,670 ",Asia,"6010,2985",,,9
174,Solomon Islands,"21,544",,153 ,,"16,357",,"5,034",1,"29,871",212,"5,117","7,095","721,244 ",Australia/Oceania,"334,714141",,,"6,980"
175,Burkina Faso,"20,853",,382 ,,"20,439",,32,,945,17,"248,995","11,281","22,072,469 ",Africa,"1,05857,78189",,,1
176,Gibraltar,"19,862",,105 ,,"16,579",,"3,178",,"589,902","3,119","534,283","15,868,221","33,670 ",Europe,23210,,,"94,387"
177,San Marino,"19,253",+53,117 ,+1,"18,554",+5,582,4,"565,002","3,434","152,231","4,467,396","34,076 ",Europe,22910,"1,555",29,"17,079"
178,Grenada,"18,655",,233 ,,"18,266",,156,4,"164,237","2,051","172,697","1,520,407","113,586 ",North America,64871,,,"1,373"
179,Nicaragua,"18,491",,225 ,,"4,225",,"14,041",,"2,725",33,,,"6,785,332 ",North America,"36730,157",,,"2,069"
180,Liechtenstein,"18,335",,85 ,,"17,958",,292,,"478,084","2,216","102,174","2,664,181","38,351 ",Europe,24510,,,"7,614"
181,Tajikistan,"17,786",,125 ,,"17,264",,397,,"1,783",13,,,"9,974,630 ",Asia,"56179,797",,,40
182,South Sudan,"17,733",,138 ,,"15,630",,"1,965",1,"1,547",12,"410,280","35,797","11,461,436 ",Africa,"64683,05428",,,171
183,Bermuda,"16,722",,141 ,,"16,201",,380,,"270,543","2,281","958,749","15,511,479","61,809 ",North America,44380,,,"6,148"
184,Equatorial Guinea,"16,621",+37,183 ,,"16,015",+153,423,5,"11,103",122,"350,919","234,414","1,497,006 ",Africa,"908,1804",25,,283
185,Djibouti,"15,690",,189 ,,"15,427",,74,,"15,423",186,"305,941","300,736","1,017,309 ",Africa,"655,3833",,,73
186,Samoa,"15,178",,29 ,,"1,605",,"13,544",4,"75,474",144,"170,551","848,078","201,103 ",Australia/Oceania,"136,9351",,,"67,349"
187,Dominica,"14,852",,68 ,,"14,554",,230,,"205,277",940,"210,195","2,905,212","72,351 ",North America,"51,0640",,,"3,179"
188,CAR,"14,712",,113 ,,"6,859",,"7,740",2,"2,942",23,"81,294","16,255","5,001,066 ",Africa,"34044,25762",,,"1,548"
189,Monaco,"13,739",,57 ,,"13,372",,310,4,"345,123","1,432","77,770","1,953,578","39,809 ",Europe,36981,,,"7,787"
190,Tonga,"12,439",,12 ,,"12,283",,144,,"115,028",111,"535,009","4,947,420","108,139 ",Australia/Oceania,"99,0120",,,"1,332"
191,Gambia,"12,009",,365 ,,"11,591",,53,,"4,700",143,"155,686","60,930","2,555,158 ",Africa,"2137,00016",,,21
192,Greenland,"11,971",,21 ,,"2,761",,"9,189",4,"210,124",369,"164,926","2,894,911","56,971 ",North America,"52,7130",,,"161,293"
193,Yemen,"11,848",,"2,149 ",,"9,108",,591,23,380,69,"265,253","8,511","31,165,946 ",Asia,"2,63014,503117",,,19
194,Vanuatu,"11,723",+1,14 ,,"11,672",+42,37,,"36,431",44,"24,976","77,617","321,786 ",Australia/Oceania,"2722,98513",3,,115
195,Saint Martin,"11,224",,63 ,,"1,399",,"9,762",7,"280,523","1,575","112,382","2,808,778","40,011 ",North America,46350,,,"243,983"
196,Sint Maarten,"10,656",,87 ,,"10,524",,45,10,"242,905","1,983","62,056","1,414,575","43,869 ",North America,45041,,,"1,026"
197,Caribbean Netherlands,"10,567",,35 ,,"10,424",,108,,"395,472","1,310","30,126","1,127,470","26,720 ",North America,37631,,,"4,042"
198,Eritrea,"9,882",+4,103 ,,"9,711",+2,68,,"2,710",28,"23,693","6,497","3,646,547 ",Africa,"36935,403154",1,,19
199,Niger,"9,096",,311 ,,"8,628",,157,1,350,12,"254,538","9,792","25,994,039 ",Africa,"2,85883,582102",,,6
200,Antigua and Barbuda,"8,712",,144 ,,"8,543",,25,1,"87,485","1,446","18,901","189,801","99,583 ",North America,116925,,,251
201,Guinea-Bissau,"8,400",,171 ,,"8,151",,78,6,"4,072",83,"145,231","70,402","2,062,882 ",Africa,"24612,06414",,,38
202,Comoros,"8,209",,160 ,,"7,933",,116,,"9,047",176,,,"907,388 ",Africa,"1115,671",,,128
203,Sierra Leone,"7,722",,125 ,,N/A,N/A,N/A,,929,15,"259,958","31,290","8,307,892 ",Africa,"1,07666,46332",,,334
204,Liberia,"7,504",,294 ,,"5,747",,"1,463",2,"1,416",55,"139,824","26,381","5,300,167 ",Africa,"70618,02838",,,276
205,Chad,"7,430",+3,193 ,,"4,874",,"2,363",,427,11,"191,341","11,005","17,387,307 ",Africa,"2,34090,09091",0.2,,136
206,British Virgin Islands,"7,131",,63 ,,N/A,N/A,N/A,1,"232,727","2,056","105,790","3,452,564","30,641 ",North America,44860,,,783
207,St. Vincent Grenadines,"7,040",,115 ,,"6,641",,284,,"63,049","1,030","100,341","898,638","111,659 ",North America,169711,,,"2,543"
208,Nauru,"6,960",,1 ,,"3,391",,"3,568",,"634,863",91,"14,517","1,324,181","10,963 ",Australia/Oceania,"210,9631",,,"325,458"
209,Saint Kitts and Nevis,"6,383",+6,45 ,,"6,228",,110,,"118,276",834,"108,021","2,001,612","53,967 ",North America,"81,1990",111,,"2,038"
210,Turks and Caicos,"6,255",,36 ,,"6,144",,75,4,"157,220",905,"548,537","13,787,533","39,785 ",North America,"61,1050",,,"1,885"
211,Sao Tome and Principe,"6,087",+8,74 ,,"5,997",+7,16,,"26,761",325,"29,036","127,653","227,461 ",Africa,"373,0748",35,,70
212,Cook Islands,"5,831",,1 ,,"5,807",,23,,"331,363",57,"19,690","1,118,941","17,597 ",Australia/Oceania,"317,5971",,,"1,307"
213,Palau,"5,308",,6 ,,"5,166",,136,1,"290,531",328,"62,774","3,435,906","18,270 ",Australia/Oceania,"33,0450",,,"7,444"
214,St. Barth,"4,845",,6 ,,N/A,N/A,N/A,,"487,523",604,"78,646","7,913,665","9,938 ",North America,"21,6560",,,"440,431"
215,Anguilla,"3,535",+39,9 ,,"3,514",+50,12,4,"231,409",589,"51,382","3,363,577","15,276 ",North America,"41,6970","2,553",,786
216,Kiribati,"3,236",,13 ,,"2,665",,558,3,"26,269",106,,,"123,187 ",Australia/Oceania,"389,476",,,"4,530"
217,Saint Pierre Miquelon,"2,970",,1 ,,"2,449",,520,1,"517,782",174,"24,521","4,274,930","5,736 ",North America,"25,7360",,,"90,656"
218,Falkland Islands,"1,831",, ,,N/A,N/A,N/A,,"496,610",,"8,632","2,341,199","3,687 ",South America,20,,,"462,978"
219,Montserrat,"1,025",,8 ,,"1,015",,2,,"205,082","1,601","14,243","2,849,740","4,998 ",North America,56250,,,400
220,Macao,756,+14,5 ,,239,+11,512,,"1,133",7,"7,747","11,608","667,392 ",Asia,"883133,47886",21,,767
221,Diamond Princess,712,,13 ,,699,,0,,,,,, ,,,,,
222,Wallis and Futuna,456,,7 ,,438,,11,,"42,074",646,"20,508","1,892,231","10,838 ",Australia/Oceania,"241,5481",,,"1,015"
223,Marshall Islands,49,, ,,18,,31,,817,,,,"60,005 ",Australia/Oceania,"1,225",,,517
224,Micronesia,38,, ,,33,,5,,323,,"21,923","186,606","117,483 ",Australia/Oceania,"3,0925",,,43
225,Vatican City,29,, ,,29,,0,,"36,025",,,,805 ,Europe,28,,,
226,Niue,29,, ,,23,,6,,"17,597",,,,"1,648 ",Australia/Oceania,57,,,"3,641"
227,Western Sahara,10,,1 ,,9,,0,,16,2,,,"627,297 ",Africa,"62,730627,297",,,
228,MS Zaandam,9,,2 ,,7,,0,,,,,, ,,,,,
229,Tuvalu,3,, ,,,,3,,248,,,,"12,089 ",Australia/Oceania,"4,030",,,248
230,Saint Helena,2,, ,,2,,0,,327,,,,"6,114 ",Africa,"3,057",,,
#,"Country,Other",TotalCases,NewCases,TotalDeaths,NewDeaths,TotalRecovered,NewRecovered,ActiveCases,"Serious,Critical",Tot Cases/1M pop,Deaths/1M pop,TotalTests,Tests/,1M pop,,Population,Continent,1 Caseevery X ppl1 Deathevery X ppl1 Testevery X ppl,New Cases/1M pop,New Deaths/1M pop,Active Cases/1M pop
1,China,"227,426",+154,"5,226 ",,"220,971",+94,"1,229",,158,4,"160,000,000","111,163","1,439,323,776 ",Asia,"6,329275,4169",0.1,,0.9
2,USA,"91,371,232","+60,464","1,049,125 ",+46,"86,646,220","+84,446","3,675,887","4,183",,,"1,060,414,912",, ,North America,,,,
3,India,"43,767,534","+16,935","525,760 ",+51,"43,097,510","+16,069","144,264",698,"31,092",373,"869,425,632","617,630","1,407,680,653 ",Asia,"322,6772",12,0.04,102
4,Brazil,"33,301,118","+10,852","675,408 ",+55,"31,556,393","+25,841","1,069,317","8,318","154,428","3,132","63,776,166","295,751","215,641,433 ",South America,63193,50,0.3,"4,959"
5,France,"33,016,578","+73,668","150,661 ",+26,"30,527,965","+17,601","2,337,952",869,"503,547","2,298","271,490,188","4,140,585","65,568,079 ",Europe,24350,"1,124",0.4,"35,657"
6,Germany,"29,692,989",,"142,533 ",,"27,682,600","+20,800","1,867,856","1,238","352,103","1,690","122,332,384","1,450,633","84,330,334 ",Europe,35921,,,"22,149"
7,UK,"23,075,360",,"181,580 ",,"22,355,935","+16,983","537,845",146,"336,310","2,646","522,526,476","7,615,520","68,613,369 ",Europe,33780,,,"7,839"
8,Italy,"20,146,706","+68,664","169,925 ",+79,"18,510,884","+52,417","1,465,897",403,"334,216","2,819","232,863,728","3,863,000","60,280,538 ",Europe,33550,"1,139",1,"24,318"
9,S. Korea,"18,761,757","+40,342","24,742 ",+14,"18,325,028","+10,421","411,987",71,"365,305",482,"15,804,065","307,717","51,359,166 ",Asia,"32,0763",785,0.3,"8,022"
10,Russia,"18,490,296","+4,664","381,881 ",+46,"17,908,809","+2,483","199,606","2,300","126,592","2,615","273,400,000","1,871,807","146,062,072 ",Europe,83821,32,0.3,"1,367"
11,Turkey,"15,297,539",,"99,088 ",,"15,096,774",,"101,677",975,"177,486","1,150","162,743,369","1,888,186","86,190,334 ",Asia,68701,,,"1,180"
12,Spain,"13,090,476",,"109,348 ",,"12,396,745",,"584,383",339,"279,761","2,337","471,036,328","10,066,662","46,791,709 ",Europe,44280,,,"12,489"
13,Vietnam,"10,760,595",+745,"43,091 ",,"9,814,276","+7,948","903,228",41,"108,556",435,"85,826,548","865,841","99,125,103 ",Asia,"92,3001",8,,"9,112"
14,Japan,"10,204,843","+104,832","31,580 ",+21,"9,501,765","+41,513","671,498",129,"81,192",251,"58,982,291","469,279","125,687,029 ",Asia,"123,9802",834,0.2,"5,343"
15,Argentina,"9,465,827","+5,666","129,202 ",+8,"9,230,687","+3,668","105,938",393,"205,592","2,806","35,716,069","775,732","46,041,756 ",South America,53561,123,0.2,"2,301"
16,Australia,"8,773,576","+37,899","10,689 ",+30,"8,425,795","+33,446","337,092",155,"336,108",409,"75,144,270","2,878,713","26,103,426 ",Australia/Oceania,"32,4420","1,452",1,"12,914"
17,Netherlands,"8,284,028","+4,177","22,430 ",,"8,095,981","+4,169","165,617",55,"481,288","1,303","21,107,399","1,226,305","17,212,194 ",Europe,27671,243,,"9,622"
18,Iran,"7,278,478","+5,751","141,499 ",+13,"7,068,337",+643,"68,642",516,"84,451","1,642","52,690,831","611,362","86,186,017 ",Asia,126092,67,0.2,796
19,Mexico,"6,439,616","+31,173","326,491 ",+71,"5,481,046","+22,540","632,079","4,798","48,898","2,479","17,184,357","130,485","131,696,032 ",North America,204038,237,0.5,"4,800"
20,Colombia,"6,223,497",,"140,365 ",,"6,031,815",,"51,317",342,"119,707","2,700","35,781,769","688,254","51,989,211 ",South America,83701,,,987
21,Indonesia,"6,134,953","+3,540","156,849 ",+10,"5,950,554","+2,574","27,550","2,771","21,956",561,"102,088,338","365,353","279,423,671 ",Asia,"461,7813",13,0.04,99
22,Poland,"6,032,475",+397,"116,470 ",,"5,335,771",+8,"580,234",408,"159,750","3,084","36,555,101","968,037","37,762,086 ",Europe,63241,11,,"15,366"
23,Portugal,"5,292,623","+3,109","24,461 ",+15,"5,020,499","+16,890","247,663",61,"522,156","2,413","43,527,258","4,294,285","10,136,089 ",Europe,24140,307,1,"24,434"
24,Ukraine,"5,020,181",,"108,690 ",,"4,908,049",+149,"3,442",177,"116,213","2,516","19,521,252","451,900","43,198,137 ",Europe,93972,,,80
25,DPRK,"4,771,290",+430,74 ,,"4,770,340",+540,876,,"183,446",3,,,"26,009,240 ",Asia,"5351,476",17,,34
26,Malaysia,"4,622,981","+3,936","35,855 ",+7,"4,544,615","+3,899","42,511",61,"139,196","1,080","61,779,045","1,860,146","33,211,928 ",Asia,79261,119,0.2,"1,280"
27,Austria,"4,609,834","+10,345","18,931 ",+1,"4,467,592","+10,048","123,311",77,"505,952","2,078","192,241,115","21,099,394","9,111,215 ",Europe,24810,"1,135",0.1,"13,534"
28,Thailand,"4,559,029","+2,028","30,999 ",+18,"4,504,734","+2,578","23,296","1,496","64,983",442,"17,270,775","246,173","70,157,184 ",Asia,"152,2634",29,0.3,332
29,Israel,"4,513,055","+7,982","11,172 ",+12,"4,437,501","+10,491","64,382",310,"483,922","1,198","41,373,364","4,436,346","9,326,000 ",Asia,28350,856,1,"6,903"
30,Belgium,"4,349,050",,"32,051 ",,"4,155,889","+3,500","161,110",74,"371,952","2,741","34,784,155","2,974,912","11,692,498 ",Europe,33650,,,"13,779"
31,Taiwan,"4,264,774","+24,311","8,176 ",+73,"3,633,807","+28,497","622,791",,"178,407",342,"21,967,220","918,950","23,904,688 ",Asia,"62,9241","1,017",3,"26,053"
32,Chile,"4,137,152","+6,920","59,086 ",+47,"3,811,708","+13,055","266,358",186,"212,697","3,038","41,381,637","2,127,490","19,450,921 ",South America,53290,356,2,"13,694"
33,Canada,"4,007,463",,"43,555 ",,"3,576,675",,"387,233",195,"104,314","1,134","62,586,673","1,629,133","38,417,170 ",North America,108821,,,"10,080"
34,South Africa,"3,999,751",,"101,918 ",,"3,890,509",,"7,324",192,"65,749","1,675","25,867,414","425,213","60,834,082 ",Africa,155972,,,120
35,Czechia,"3,952,390",+580,"40,354 ",+3,"3,898,738",+268,"13,298",12,"367,681","3,754","55,628,436","5,174,979","10,749,499 ",Europe,32660,54,0.3,"1,237"
36,Switzerland,"3,843,522",,"14,021 ",,"3,679,326",,"150,175",54,"437,573","1,596","21,598,881","2,458,967","8,783,723 ",Europe,26260,,,"17,097"
37,Greece,"3,843,142",,"30,476 ",,"3,614,441",,"198,225",103,"372,424","2,953","86,634,526","8,395,422","10,319,258 ",Europe,33390,,,"19,209"
38,Peru,"3,749,635","+8,774","213,825 ",+24,"3,426,292","+5,120","109,518",182,"110,580","6,306","32,314,304","952,977","33,908,802 ",South America,91591,259,0.7,"3,230"
39,Philippines,"3,733,098","+2,557","60,641 ",,"3,652,587","+1,673","19,870",522,"33,166",539,"31,151,953","276,768","112,556,318 ",Asia,"301,8564",23,,177
40,Denmark,"3,039,859",,"6,551 ",,"3,009,498",,"23,810",14,"521,077","1,123","127,826,356","21,911,325","5,833,803 ",Europe,28910,,,"4,081"
41,Romania,"2,963,934","+2,165","65,813 ",+1,"2,853,649",,"44,472",108,"156,193","3,468","23,737,992","1,250,943","18,976,085 ",Europe,62881,114,0.05,"2,344"
42,Sweden,"2,528,166",,"19,170 ",,"2,494,092",+428,"14,904",16,"247,188","1,874","18,709,369","1,829,282","10,227,713 ",Europe,45341,,,"1,457"
43,Iraq,"2,405,186","+2,875","25,270 ",+3,"2,345,619","+3,606","34,297",25,"57,180",601,"18,936,695","450,191","42,063,663 ",Asia,"171,6652",68,0.07,815
44,Serbia,"2,056,691","+2,055","16,169 ",+1,"2,009,887",,"30,635",11,"237,339","1,866","10,041,491","1,158,774","8,665,617 ",Europe,45361,237,0.1,"3,535"
45,Bangladesh,"1,996,340",+900,"29,234 ",+4,"1,924,960","+1,983","42,146","1,228","11,880",174,"14,499,903","86,290","168,036,329 ",Asia,"845,74812",5,0.02,251
46,Hungary,"1,940,824",,"46,696 ",,"1,878,221",,"15,907",16,"201,952","4,859","11,394,556","1,185,656","9,610,335 ",Europe,52061,,,"1,655"
47,Slovakia,"1,806,090",+471,"20,172 ",+1,"1,777,234",+272,"8,684",26,"330,481","3,691","7,200,663","1,317,588","5,465,035 ",Europe,32711,86,0.2,"1,589"
48,Jordan,"1,700,526",,"14,068 ",,"1,685,354",,"1,104",124,"163,359","1,351","16,894,012","1,622,902","10,409,754 ",Asia,67401,,,106
49,Georgia,"1,667,453",,"16,847 ",,"1,637,293",,"13,313",,"419,638","4,240","16,920,079","4,258,174","3,973,553 ",Asia,22360,,,"3,350"
50,Ireland,"1,628,745",,"7,537 ",,"1,571,250",,"49,958",39,"322,505","1,492","12,480,436","2,471,227","5,050,300 ",Europe,36700,,,"9,892"
51,Singapore,"1,596,046","+6,947","1,453 ",+3,"1,495,141","+10,947","99,452",14,"268,505",244,"24,107,231","4,055,592","5,944,195 ",Asia,"44,0910","1,169",0.5,"16,731"
52,Pakistan,"1,546,252",+605,"30,440 ",+2,"1,505,635",+429,"10,177",173,"6,733",133,"29,277,315","127,491","229,641,780 ",Asia,"1497,5448",3,0.01,44
53,New Zealand,"1,500,754","+6,482","1,763 ",+22,"1,428,229","+7,751","70,762",,"300,025",352,"7,334,013","1,466,187","5,002,100 ",Australia/Oceania,"32,8371","1,296",4,"14,146"
54,Norway,"1,452,755",+87,"3,504 ",,"1,444,381",+615,"4,870",20,"263,768",636,"11,002,430","1,997,641","5,507,710 ",Europe,"41,5721",16,,884
55,Kazakhstan,"1,316,567","+1,546","13,664 ",,"1,294,798",+345,"8,105",24,"68,447",710,"11,575,012","601,772","19,234,864 ",Asia,"151,4082",80,,421
56,Hong Kong,"1,294,336","+3,486","9,437 ",+4,"1,208,928",+850,"75,971",5,"169,837","1,238","50,415,048","6,615,238","7,621,048 ",Asia,68080,457,0.5,"9,969"
57,Morocco,"1,251,297",+787,"16,184 ",+6,"1,220,252","+1,472","14,861",293,"33,100",428,"12,113,766","320,444","37,803,013 ",Africa,"302,3363",21,0.2,393
58,Bulgaria,"1,184,846",+417,"37,294 ",+3,"1,135,430",+82,"12,122",32,"173,177","5,451","10,177,040","1,487,475","6,841,824 ",Europe,61831,61,0.4,"1,772"
59,Finland,"1,171,034",,"5,012 ",,"1,120,330",,"45,692",21,"210,683",902,"11,129,795","2,002,383","5,558,274 ",Europe,"51,1090",,,"8,221"
60,Croatia,"1,168,111",+979,"16,156 ",+9,"1,142,194","+1,262","9,761",20,"288,162","3,986","4,997,769","1,232,903","4,053,658 ",Europe,32511,242,2,"2,408"
61,Lebanon,"1,140,794","+2,336","10,489 ",+2,"1,087,587",,"42,718",186,"168,678","1,551","4,795,578","709,077","6,763,129 ",Asia,66451,345,0.3,"6,316"
62,Cuba,"1,106,798",+68,"8,529 ",,"1,097,915",+40,354,23,"97,838",754,"13,997,964","1,237,387","11,312,518 ",North America,"101,3261",6,,31
63,Tunisia,"1,087,030",,"28,823 ",,N/A,N/A,N/A,29,"90,054","2,388","4,743,992","393,011","12,070,885 ",Africa,114193,,,"2,606"
64,Lithuania,"1,074,593",+88,"9,190 ",+2,"1,038,300",,"27,103",5,"406,290","3,475","10,026,924","3,791,049","2,644,894 ",Europe,22880,33,0.8,"10,247"
65,Slovenia,"1,060,248",+566,"6,667 ",,"1,034,542",+376,"19,039",16,"509,852","3,206","2,693,633","1,295,314","2,079,521 ",Europe,23121,272,,"9,155"
66,Belarus,"994,037",,"7,118 ",,"985,592",,"1,327",,"105,267",754,"13,646,641","1,445,162","9,442,985 ",Europe,"91,3271",,,141
67,Guatemala,"984,477","+1,669","18,822 ",+9,"891,574","+2,250","74,081",5,"52,953","1,012","5,127,997","275,823","18,591,610 ",North America,199884,90,0.5,"3,985"
68,Nepal,"981,408",+114,"11,953 ",+1,"968,016",+59,"1,439",,"32,491",396,"5,785,016","191,520","30,205,838 ",Asia,"312,5275",4,0.03,48
69,UAE,"973,416","+1,409","2,325 ",,"953,694","+1,434","17,397",,"96,053",229,"174,124,398","17,181,914","10,134,168 ",Asia,"104,3590",139,,"1,717"
70,Bolivia,"968,212","+2,954","21,979 ",,"902,599","+1,986","43,634",220,"80,699","1,832","2,705,422","225,492","11,997,838 ",South America,125464,246,,"3,637"
71,Uruguay,"965,370",,"7,373 ",,"955,371",,"2,626",18,"275,955","2,108","6,114,822","1,747,949","3,498,283 ",South America,44741,,,751
72,Panama,"942,083",,"8,395 ",,"922,313",,"11,375",16,"211,546","1,885","6,637,861","1,490,541","4,453,324 ",North America,55301,,,"2,554"
73,Ecuador,"935,211",,"35,774 ",,"875,413","+1,300","24,024",759,"51,415","1,967","2,470,170","135,801","18,189,569 ",South America,195087,,,"1,321"
74,Mongolia,"930,677",,"2,179 ",,N/A,N/A,N/A,192,"274,862",644,"4,030,048","1,190,215","3,385,984 ",Asia,"41,5541",,,"181,703"
75,Costa Rica,"904,934",,"8,525 ",,"860,711",,"35,698",52,"174,394","1,643","4,659,757","898,006","5,189,006 ",North America,66091,,,"6,880"
76,Latvia,"844,980",,"5,875 ",,"830,399",,"8,706",1,"458,307","3,187","7,362,035","3,993,079","1,843,699 ",Europe,23140,,,"4,722"
77,Saudi Arabia,"803,764",+606,"9,232 ",+2,"787,966",+367,"6,566",150,"22,377",257,"43,682,740","1,216,116","35,919,876 ",Asia,"453,8911",17,0.06,183
78,Azerbaijan,"794,092",,"9,722 ",,"783,453",,917,,"76,905",942,"6,972,527","675,266","10,325,597 ",Asia,"131,0621",,,89
79,Paraguay,"688,820",,"19,083 ",,"647,415",,"22,322",6,"94,214","2,610","2,646,163","361,930","7,311,262 ",South America,113833,,,"3,053"
80,Sri Lanka,"664,448",+34,"16,528 ",,"647,454",+3,466,,"30,767",765,"6,486,117","300,334","21,596,370 ",Asia,"331,3073",2,,22
81,Bahrain,"649,401","+1,466","1,506 ",+1,"636,754","+1,084","11,141",14,"356,378",826,"10,116,267","5,551,608","1,822,223 ",Asia,"31,2100",805,0.5,"6,114"
82,Kuwait,"648,216",,"2,556 ",,"641,752",,"3,908",6,"147,342",581,"8,242,720","1,873,598","4,399,408 ",Asia,"71,7211",,,888
83,Dominican Republic,"621,936",+889,"4,383 ",,"612,679",+945,"4,874",27,"56,183",396,"3,552,150","320,886","11,069,815 ",North America,"182,5263",80,,440
84,Myanmar,"613,816",+7,"19,434 ",,"592,736",+12,"1,646",,"11,129",352,"8,457,121","153,337","55,153,806 ",Asia,"902,8387",0.1,,30
85,Palestine,"592,699","+3,207","5,360 ",+1,"582,977",+987,"4,362",17,"110,923","1,003","3,078,533","576,146","5,343,319 ",Asia,99972,600,0.2,816
86,Estonia,"585,143",,"2,608 ",,"523,576",,"58,959",6,"440,502","1,963","3,424,969","2,578,356","1,328,354 ",Europe,25090,,,"44,385"
87,Cyprus,"545,896",,"1,086 ",,"124,370",,"420,440",60,"445,525",886,"9,477,138","7,734,627","1,225,287 ",Asia,"21,1280",,,"343,136"
88,Venezuela,"530,402",+672,"5,748 ",+1,"521,043",+116,"3,611",36,"18,761",203,"3,359,014","118,812","28,271,662 ",South America,"534,9198",24,0.04,128
89,Moldova,"520,321",,"11,567 ",,"504,142",,"4,612",49,"129,599","2,881","3,216,305","801,103","4,014,846 ",Europe,83471,,,"1,149"
90,Egypt,"515,645",,"24,613 ",,"442,182",,"48,850",122,"4,852",232,"3,693,367","34,754","106,271,685 ",Africa,"2064,31829",,,460
91,Libya,"502,289",,"6,430 ",,"490,973",,"4,886",101,"71,127",911,"2,477,219","350,787","7,061,898 ",Africa,"141,0983",,,692
92,Ethiopia,"491,086",+55,"7,561 ",,"468,107",+33,"15,418",40,"4,066",63,"5,104,319","42,264","120,772,370 ",Africa,"24615,97324",0.5,,128
93,Honduras,"430,672",,"10,912 ",,"132,498",,"287,262",105,"42,116","1,067","1,415,120","138,385","10,225,957 ",North America,249377,,,"28,091"
94,Réunion,"429,237",,825 ,,"418,572",,"9,840",10,"472,548",908,"1,603,660","1,765,475","908,345 ",Africa,"21,1011",,,"10,833"
95,Armenia,"423,771",,"8,629 ",,"412,661",,"2,481",,"142,466","2,901","3,109,931","1,045,517","2,974,538 ",Asia,73451,,,834
96,Qatar,"395,051","+1,217",680 ,,"387,502",+591,"6,869",6,"140,697",242,"3,702,093","1,318,501","2,807,805 ",Asia,"74,1291",433,,"2,446"
97,Oman,"391,641",,"4,260 ",,"384,669",,"2,712",2,"72,910",793,"25,000,000","4,654,151","5,371,549 ",Asia,"141,2610",,,505
98,Bosnia and Herzegovina,"380,749",,"15,817 ",,N/A,N/A,N/A,,"117,543","4,883","1,800,950","555,983","3,239,218 ",Europe,92052,,,"53,320"
99,Kenya,"336,740",+50,"5,668 ",,"329,673",+249,"1,399",3,"5,993",101,"3,796,220","67,564","56,187,389 ",Africa,"1679,91315",0.9,,25
100,Zambia,"327,994",,"4,009 ",,"322,419",,"1,566",4,"16,877",206,"3,589,883","184,720","19,434,171 ",Africa,"594,8485",,,81
101,Botswana,"324,841",,"2,760 ",,"321,024",,"1,057",1,"132,670","1,127","2,026,898","827,817","2,448,485 ",Africa,88871,,,432
102,North Macedonia,"318,138",,"9,339 ",,"306,309",,"2,490",,"152,716","4,483","2,082,678","999,749","2,083,200 ",Europe,72231,,,"1,195"
103,Albania,"296,305","+1,062","3,517 ",,"283,224",+768,"9,564",,"103,192","1,225","1,866,752","650,122","2,871,389 ",Europe,108162,370,,"3,331"
104,Luxembourg,"274,524",,"1,102 ",,"259,768",,"13,654",,"424,465","1,704","4,349,750","6,725,520","646,753 ",Europe,25870,,,"21,112"
105,Algeria,"266,445",+21,"6,875 ",,"178,785",+16,"80,785",6,"5,860",151,"230,861","5,078","45,466,328 ",Africa,"1716,613197",0.5,,"1,777"
106,Nigeria,"259,007",,"3,144 ",,"250,485",,"5,378",11,"1,196",15,"5,349,305","24,701","216,561,537 ",Africa,"83668,88140",,,25
107,Zimbabwe,"256,083",,"5,566 ",,"249,862",,655,12,"16,733",364,"2,424,666","158,430","15,304,290 ",Africa,"602,7506",,,43
108,Montenegro,"247,179",+590,"2,730 ",,"240,519",+406,"3,930",6,"393,454","4,346","2,518,392","4,008,723","628,228 ",Europe,32300,939,,"6,256"
109,Uzbekistan,"242,236",+96,"1,637 ",,"239,143",+61,"1,456",23,"7,030",48,"1,377,915","39,987","34,458,694 ",Asia,"14221,05025",3,,42
110,Mozambique,"229,038",+18,"2,215 ",,"226,374",+28,449,11,"6,932",67,"1,359,989","41,160","33,041,643 ",Africa,"14414,91724",0.5,,14
111,Laos,"210,528",+18,757 ,,N/A,N/A,N/A,,"28,104",101,"1,233,207","164,627","7,490,927 ",Asia,"369,8966",2,,"26,981"
112,Martinique,"207,969",,987 ,,104,,"206,878",8,"555,070","2,634","828,928","2,212,410","374,672 ",North America,23800,,,"552,158"
113,Kyrgyzstan,"201,329",,"2,991 ",,"196,406",,"1,932",131,"29,854",444,"1,907,195","282,808","6,743,771 ",Asia,"332,2554",,,286
114,Iceland,"199,611",,179 ,,N/A,N/A,N/A,1,"577,311",518,"1,979,580","5,725,301","345,760 ",Europe,"21,9320",,,"357,899"
115,Afghanistan,"183,617",+167,"7,732 ",+2,"165,658",+285,"10,227","1,124","4,510",190,"1,014,548","24,917","40,716,715 ",Asia,"2225,26640",4,0.05,251
116,Maldives,"183,491",,307 ,,"163,687",,"19,497",25,"327,683",548,"2,213,831","3,953,517","559,965 ",Asia,"31,8240",,,"34,818"
117,Brunei ,"182,950",,225 ,,"164,116",,"18,609",,"410,180",504,"717,784","1,609,295","446,024 ",Asia,"21,9821",,,"41,722"
118,El Salvador,"180,970",,"4,174 ",+3,"165,895",,"10,901",8,"27,617",637,"2,284,873","348,678","6,552,958 ",North America,"361,5703",,0.5,"1,664"
119,Guadeloupe,"175,348",,958 ,,"2,250",,"172,140",19,"438,081","2,393","938,039","2,343,551","400,264 ",North America,24180,,,"430,066"
120,Namibia,"169,253",,"4,065 ",,"164,813",,375,,"64,238","1,543","1,062,663","403,322","2,634,773 ",Africa,166482,,,142
121,Trinidad and Tobago,"169,180",+43,"4,038 ",,"159,041",+270,"6,101",18,"120,094","2,866","783,252","555,998","1,408,731 ",North America,83492,31,,"4,331"
122,Uganda,"168,763",+39,"3,627 ",,"100,420",,"64,716",10,"3,466",74,"2,981,281","61,233","48,687,606 ",Africa,"28813,42416",0.8,,"1,329"
123,Ghana,"167,215",,"1,456 ",,"165,153",,606,2,"5,162",45,"2,479,277","76,530","32,396,041 ",Africa,"19422,25013",,,19
124,Jamaica,"144,767",+150,"3,171 ",+1,"92,326",+96,"49,270",,"48,457","1,061","1,140,129","381,630","2,987,528 ",North America,219423,50,0.3,"16,492"
125,Cambodia,"136,455",+18,"3,056 ",,"133,291",+8,108,,"7,938",178,"3,004,899","174,795","17,190,970 ",Asia,"1265,6256",1,,6
126,Rwanda,"131,880",+23,"1,464 ",,"45,522",,"84,894",,"9,692",108,"5,618,000","412,871","13,607,149 ",Africa,"1039,2952",2,,"6,239"
127,Cameroon,"120,068",,"1,931 ",,"117,791",,346,13,"4,304",69,"1,751,774","62,802","27,893,764 ",Africa,"23214,44516",,,12
128,Malta,"110,967",+224,772 ,,"103,488",+498,"6,707",4,"249,959","1,739","1,999,859","4,504,786","443,941 ",Europe,45750,505,,"15,108"
129,Angola,"101,901",,"1,909 ",,"97,149",,"2,843",,"2,915",55,"1,499,795","42,911","34,951,697 ",Africa,"34318,30923",,,81
130,DRC,"91,737",,"1,376 ",,"50,930",,"39,431",,964,14,"846,704","8,902","95,115,482 ",Africa,"1,03769,125112",,,415
131,French Guiana,"89,779",,402 ,,"11,254",,"78,123",1,"285,489","1,278","644,972","2,050,955","314,474 ",South America,47820,,,"248,424"
132,Barbados,"87,584",+121,479 ,,"85,101",+29,"2,004",,"304,013","1,663","716,065","2,485,534","288,093 ",North America,36010,420,,"6,956"
133,Malawi,"86,931",+31,"2,653 ",+1,"83,539",+4,739,67,"4,317",132,"596,813","29,636","20,138,291 ",Africa,"2327,59134",2,0.05,37
134,Senegal,"86,791",+47,"1,968 ",,"84,603",+21,220,,"4,919",112,"1,125,833","63,808","17,643,980 ",Africa,"2038,96516",3,,12
135,Channel Islands,"85,848",,181 ,,"82,813",,"2,854",,"484,656","1,022","1,252,808","7,072,737","177,132 ",Europe,29790,,,"16,112"
136,Ivory Coast,"84,583",+82,806 ,,"83,482",+72,295,,"3,052",29,"1,566,800","56,541","27,710,703 ",Africa,"32834,38118",3,,11
137,Suriname,"80,919",,"1,377 ",,"49,590",,"29,952",,"135,462","2,305","238,251","398,844","597,354 ",South America,74343,,,"50,141"
138,French Polynesia,"74,022",,649 ,,N/A,N/A,N/A,7,"260,439","2,283",,,"284,220 ",Australia/Oceania,4438,,,"140,289"
139,Eswatini,"73,242",,"1,417 ",,"71,768",+8,57,11,"61,825","1,196","1,039,151","877,166","1,184,668 ",Africa,168361,,,48
140,Guyana,"68,913",+46,"1,266 ",+2,"66,663",+74,984,,"86,760","1,594","670,095","843,637","794,293 ",South America,126271,58,3,"1,239"
141,Fiji,"66,916",+41,869 ,,"64,320",,"1,727",,"73,559",955,"587,132","645,416","909,695 ",Australia/Oceania,"141,0472",45,,"1,898"
142,New Caledonia,"66,596",,314 ,,"64,483",,"1,799",9,"228,776","1,079","98,964","339,969","291,097 ",Australia/Oceania,49273,,,"6,180"
143,Madagascar,"66,289",+191,"1,406 ",+3,"64,277",+382,606,6,"2,275",48,"484,927","16,639","29,143,130 ",Africa,"44020,72860",7,0.1,21
144,Belize,"65,994",,680 ,,"64,551",,763,6,"160,042","1,649","576,016","1,396,900","412,353 ",North America,66061,,,"1,850"
145,Sudan,"62,795",,"4,955 ",,N/A,N/A,N/A,,"1,367",108,"562,941","12,254","45,937,684 ",Africa,"7329,27182",,,381
146,Cabo Verde,"61,922",+9,409 ,,"61,174",+52,339,23,"108,959",720,"401,416","706,339","568,305 ",Africa,"91,3891",16,,597
147,Mauritania,"61,921",+56,986 ,,"59,383",+116,"1,552",,"12,640",201,"892,646","182,211","4,898,960 ",Africa,"794,9695",11,,317
148,Bhutan,"59,940",,21 ,,"59,845",,74,,"75,975",27,"2,303,734","2,920,037","788,940 ",Asia,"1337,5690",,,94
149,Syria,"55,973",,"3,150 ",,"52,780",,43,,"3,047",171,"146,269","7,963","18,367,863 ",Asia,"3285,831126",,,2
150,Gabon,"48,289",,306 ,,"47,477",,506,,"20,699",131,"1,604,748","687,888","2,332,863 ",Africa,"487,6241",,,217
151,Seychelles,"45,185",,167 ,,"44,755",,263,,"453,715","1,677",,,"99,589 ",Africa,2596,,,"2,641"
152,Curaçao,"44,782",,280 ,,"44,339",,163,3,"270,648","1,692","496,693","3,001,855","165,462 ",North America,45910,,,985
153,Papua New Guinea,"44,761",,662 ,,"43,982",,117,7,"4,817",71,"249,149","26,811","9,292,750 ",Australia/Oceania,"20814,03737",,,13
154,Andorra,"44,671",,153 ,,"43,802",,716,14,"576,274","1,974","249,838","3,223,009","77,517 ",Europe,25070,,,"9,237"
155,Burundi,"43,222",,38 ,,N/A,N/A,N/A,,"3,427",3,"345,742","27,411","12,613,166 ",Africa,"292331,92536",,,"3,362"
156,Aruba,"41,787",,224 ,,"41,315",,248,1,"388,027","2,080","177,885","1,651,809","107,691 ",North America,34811,,,"2,303"
157,Mauritius,"39,012",,"1,008 ",,"37,157",,847,,"30,572",790,"358,675","281,077","1,276,072 ",Africa,"331,2664",,,664
158,Mayotte,"37,958",,187 ,,N/A,N/A,N/A,,"132,608",653,"176,919","618,075","286,242 ",Africa,"81,5312",,,"121,600"
159,Togo,"37,798",+22,275 ,,"37,243",+23,280,,"4,357",32,"761,844","87,826","8,674,517 ",Africa,"22931,54411",3,,32
160,Tanzania,"37,510",,841 ,,N/A,N/A,N/A,7,593,13,,,"63,204,830 ",Africa,"1,68575,154",,,577
161,Guinea,"37,358",,443 ,,"36,419",,496,8,"2,695",32,"660,107","47,629","13,859,424 ",Africa,"37131,28521",,,36
162,Isle of Man,"37,239",,110 ,,"26,794",,"10,335",,"433,258","1,280","150,753","1,753,941","85,951 ",Europe,27811,,,"120,243"
163,Bahamas,"36,435",+81,822 ,,"34,913",+71,700,,"90,881","2,050","241,422","602,187","400,909 ",North America,114882,202,,"1,746"
164,Faeroe Islands,"34,658",,28 ,,N/A,N/A,N/A,5,"703,830",569,"778,000","15,799,521","49,242 ",Europe,"11,7590",,,"547,033"
165,Lesotho,"34,040",,702 ,,"24,155",,"9,183",,"15,637",322,"431,221","198,090","2,176,890 ",Africa,"643,1015",,,"4,218"
166,Haiti,"32,103",,837 ,,"29,895",,"1,371",,"2,747",72,"132,422","11,332","11,686,083 ",North America,"36413,96288",,,117
167,Mali,"31,200",+2,737 ,,"30,368",+1,95,,"1,455",34,"710,365","33,132","21,440,624 ",Africa,"68729,09230",0.09,,4
168,Cayman Islands,"27,966",,29 ,,"8,553",,"19,384",1,"415,567",431,"222,773","3,310,345","67,296 ",North America,"22,3210",,,"288,041"
169,Saint Lucia,"27,464",,385 ,,"26,913",,166,,"148,183","2,077","209,716","1,131,527","185,339 ",North America,74811,,,896
170,Benin,"27,216",,163 ,,"25,506",,"1,547",5,"2,131",13,"604,310","47,319","12,770,925 ",Africa,"46978,34921",,,121
171,Somalia,"26,900",,"1,350 ",,"13,182",,"12,368",,"1,601",80,"400,466","23,841","16,797,693 ",Africa,"62412,44342",,,736
172,Congo,"24,604",,386 ,,"20,178",,"4,040",,"4,246",67,"347,815","60,018","5,795,142 ",Africa,"23615,01317",,,697
173,Timor-Leste,"22,975",,133 ,,"22,829",,13,,"16,774",97,"271,206","198,008","1,369,670 ",Asia,"6010,2985",,,9
174,Solomon Islands,"21,544",,153 ,,"16,357",,"5,034",1,"29,871",212,"5,117","7,095","721,244 ",Australia/Oceania,"334,714141",,,"6,980"
175,Burkina Faso,"20,853",,382 ,,"20,439",,32,,945,17,"248,995","11,281","22,072,469 ",Africa,"1,05857,78189",,,1
176,Gibraltar,"19,862",,105 ,,"16,579",,"3,178",,"589,902","3,119","534,283","15,868,221","33,670 ",Europe,23210,,,"94,387"
177,San Marino,"19,200",,116 ,,"18,549",,535,4,"563,446","3,404","152,231","4,467,396","34,076 ",Europe,22940,,,"15,700"
178,Grenada,"18,655",,233 ,,"18,266",,156,4,"164,237","2,051","172,697","1,520,407","113,586 ",North America,64871,,,"1,373"
179,Nicaragua,"18,491",,225 ,,"4,225",,"14,041",,"2,725",33,,,"6,785,332 ",North America,"36730,157",,,"2,069"
180,Liechtenstein,"18,335",,85 ,,"17,958",,292,,"478,084","2,216","102,174","2,664,181","38,351 ",Europe,24510,,,"7,614"
181,Tajikistan,"17,786",,125 ,,"17,264",,397,,"1,783",13,,,"9,974,630 ",Asia,"56179,797",,,40
182,South Sudan,"17,733",,138 ,,"15,630",,"1,965",1,"1,547",12,"410,280","35,797","11,461,436 ",Africa,"64683,05428",,,171
183,Bermuda,"16,722",,141 ,,"16,201",,380,,"270,543","2,281","958,749","15,511,479","61,809 ",North America,44380,,,"6,148"
184,Equatorial Guinea,"16,584",,183 ,,"15,862",,539,5,"11,078",122,"349,765","233,643","1,497,006 ",Africa,"908,1804",,,360
185,Djibouti,"15,690",,189 ,,"15,427",,74,,"15,423",186,"305,941","300,736","1,017,309 ",Africa,"655,3833",,,73
186,Samoa,"15,178",+23,29  ,,"1,605",,"13,544",4,"75,474",144,"170,551","848,078","201,103 ",Australia/Oceania,"136,9351",114,,"67,349"
187,Dominica,"14,852",,68 ,,"14,554",,230,,"205,277",940,"210,195","2,905,212","72,351 ",North America,"51,0640",,,"3,179"
188,CAR,"14,712",,113 ,,"6,859",,"7,740",2,"2,942",23,"81,294","16,255","5,001,066 ",Africa,"34044,25762",,,"1,548"
189,Monaco,"13,739",,57 ,,"13,372",,310,4,"345,123","1,432","77,770","1,953,578","39,809 ",Europe,36981,,,"7,787"
190,Tonga,"12,439",+57,12 ,,"12,283",+60,144,,"115,028",111,"535,009","4,947,420","108,139 ",Australia/Oceania,"99,0120",527,,"1,332"
191,Gambia,"12,009",,365 ,,"11,591",,53,,"4,700",143,"155,686","60,930","2,555,158 ",Africa,"2137,00016",,,21
192,Greenland,"11,971",,21 ,,"2,761",,"9,189",4,"210,124",369,"164,926","2,894,911","56,971 ",North America,"52,7130",,,"161,293"
193,Yemen,"11,848",,"2,149 ",,"9,108",,591,23,380,69,"265,253","8,511","31,165,946 ",Asia,"2,63014,503117",,,19
194,Vanuatu,"11,722",,14 ,,"11,630",,78,,"36,428",44,"24,976","77,617","321,786 ",Australia/Oceania,"2722,98513",,,242
195,Saint Martin,"11,224",,63 ,,"1,399",,"9,762",7,"280,523","1,575","112,382","2,808,778","40,011 ",North America,46350,,,"243,983"
196,Sint Maarten,"10,656",,87 ,,"10,524",,45,10,"242,905","1,983","62,056","1,414,575","43,869 ",North America,45041,,,"1,026"
197,Caribbean Netherlands,"10,567",,35 ,,"10,424",,108,,"395,472","1,310","30,126","1,127,470","26,720 ",North America,37631,,,"4,042"
198,Eritrea,"9,878",+14,103 ,,"9,709",+1,66,,"2,709",28,"23,693","6,497","3,646,547 ",Africa,"36935,403154",4,,18
199,Niger,"9,096",,311 ,,"8,628",,157,1,350,12,"254,538","9,792","25,994,039 ",Africa,"2,85883,582102",,,6
200,Antigua and Barbuda,"8,712",,144 ,,"8,543",,25,1,"87,485","1,446","18,901","189,801","99,583 ",North America,116925,,,251
201,Guinea-Bissau,"8,400",,171 ,,"8,151",,78,6,"4,072",83,"145,231","70,402","2,062,882 ",Africa,"24612,06414",,,38
202,Comoros,"8,209",,160 ,,"7,933",,116,,"9,047",176,,,"907,388 ",Africa,"1115,671",,,128
203,Sierra Leone,"7,722",,125 ,,N/A,N/A,N/A,,929,15,"259,958","31,290","8,307,892 ",Africa,"1,07666,46332",,,334
204,Liberia,"7,504",,294 ,,"5,747",,"1,463",2,"1,416",55,"139,824","26,381","5,300,167 ",Africa,"70618,02838",,,276
205,Chad,"7,427",,193 ,,"4,874",,"2,360",,427,11,"191,341","11,005","17,387,307 ",Africa,"2,34190,09091",,,136
206,British Virgin Islands,"7,131",,63 ,,N/A,N/A,N/A,1,"232,727","2,056","105,790","3,452,564","30,641 ",North America,44860,,,783
207,St. Vincent Grenadines,"7,040",,115 ,,"6,641",,284,,"63,049","1,030","100,341","898,638","111,659 ",North America,169711,,,"2,543"
208,Nauru,"6,960",,1  ,,"3,391",,"3,568",,"634,863",91,"14,517","1,324,181","10,963 ",Australia/Oceania,"210,9631",,,"325,458"
209,Saint Kitts and Nevis,"6,377",+10,45 ,,"6,228",+18,104,,"118,165",834,"108,021","2,001,612","53,967 ",North America,"81,1990",185,,"1,927"
210,Turks and Caicos,"6,255",,36 ,,"6,144",,75,4,"157,220",905,"548,537","13,787,533","39,785 ",North America,"61,1050",,,"1,885"
211,Sao Tome and Principe,"6,079",,74 ,,"5,990",,15,,"26,725",325,"29,036","127,653","227,461 ",Africa,"373,0748",,,66
212,Cook Islands,"5,831",,1 ,,"5,807",,23,,"331,363",57,"19,690","1,118,941","17,597 ",Australia/Oceania,"317,5971",,,"1,307"
213,Palau,"5,308",,6 ,,"5,166",,136,1,"290,531",328,"62,774","3,435,906","18,270 ",Australia/Oceania,"33,0450",,,"7,444"
214,St. Barth,"4,845",,6 ,,N/A,N/A,N/A,,"487,523",604,"78,646","7,913,665","9,938 ",North America,"21,6560",,,"440,431"
215,Anguilla,"3,496",,9 ,,"3,464",,23,4,"228,856",589,"51,382","3,363,577","15,276 ",North America,"41,6970",,,"1,506"
216,Kiribati,"3,236",,13 ,,"2,665",,558,3,"26,269",106,,,"123,187 ",Australia/Oceania,"389,476",,,"4,530"
217,Saint Pierre Miquelon,"2,970",,1 ,,"2,449",,520,1,"517,782",174,"24,521","4,274,930","5,736 ",North America,"25,7360",,,"90,656"
218,Falkland Islands,"1,831",, ,,N/A,N/A,N/A,,"496,610",,"8,632","2,341,199","3,687 ",South America,20,,,"462,978"
219,Montserrat,"1,025",,8 ,,"1,015",,2,,"205,082","1,601","14,243","2,849,740","4,998 ",North America,56250,,,400
220,Macao,742,+15,5 ,,228,+26,509,,"1,112",7,"7,721","11,569","667,392 ",Asia,"899133,47886",22,,763
221,Diamond Princess,712,,13 ,,699,,0,,,,,, ,,,,,
222,Wallis and Futuna,456,,7 ,,438,,11,,"42,074",646,"20,508","1,892,231","10,838 ",Australia/Oceania,"241,5481",,,"1,015"
223,Marshall Islands,49,, ,,18,,31,,817,,,,"60,005 ",Australia/Oceania,"1,225",,,517
224,Micronesia,38,, ,,33,,5,,323,,"21,923","186,606","117,483 ",Australia/Oceania,"3,0925",,,43
225,Vatican City,29,, ,,29,,0,,"36,025",,,,805 ,Europe,28,,,
226,Niue,29,, ,,23,,6,,"17,597",,,,"1,648 ",Australia/Oceania,57,,,"3,641"
227,Western Sahara,10,,1 ,,9,,0,,16,2,,,"627,297 ",Africa,"62,730627,297",,,
228,MS Zaandam,9,,2 ,,7,,0,,,,,, ,,,,,
229,Tuvalu,3,, ,,,,3,,248,,,,"12,089 ",Australia/Oceania,"4,030",,,248
230,Saint Helena,2,, ,,2,,0,,327,,,,"6,114 ",Africa,"3,057",,,
